ID,MonthlyIncome,MonthlyRate,NumCompaniesWorked,Over18,OverTime,PercentSalaryHike,PerformanceRating,RelationshipSatisfaction,StandardHours,StockOptionLevel,TotalWorkingYears,TrainingTimesLastYear,WorkLifeBalance,YearsAtCompany,YearsInCurrentRole,YearsSinceLastPromotion,YearsWithCurrManager
1,5993,19479,8,Y,Yes,11,3,1,80,0,8,0,1,6,4,0,5
2,5130,24907,1,Y,No,23,4,4,80,1,10,3,3,10,7,1,7
4,2090,2396,6,Y,Yes,15,3,2,80,0,7,3,3,0,0,0,0
5,2909,23159,1,Y,Yes,11,3,3,80,0,8,3,3,8,7,3,0
7,3468,16632,9,Y,No,12,3,4,80,1,6,3,3,2,2,2,2
8,3068,11864,0,Y,No,13,3,3,80,0,8,2,2,7,7,3,6
10,2670,9964,4,Y,Yes,20,4,1,80,3,12,3,2,1,0,0,0
11,2693,13335,1,Y,No,22,4,2,80,1,1,2,3,1,0,0,0
12,9526,8787,0,Y,No,21,4,2,80,0,10,2,3,9,7,1,8
13,5237,16577,6,Y,No,13,3,2,80,2,17,3,2,7,7,7,7
14,2426,16479,0,Y,No,13,3,3,80,1,6,5,3,5,4,0,3
15,4193,12682,0,Y,Yes,12,3,4,80,0,10,3,3,9,5,0,8
16,2911,15170,1,Y,No,17,3,4,80,1,5,1,2,5,2,4,3
18,2661,8758,0,Y,No,11,3,3,80,1,3,2,3,2,2,1,2
19,2028,12947,5,Y,Yes,14,3,2,80,0,6,4,3,4,2,0,3
20,9980,10195,1,Y,No,11,3,3,80,1,10,1,3,10,9,8,8
21,3298,15053,0,Y,Yes,12,3,4,80,2,7,5,2,6,2,0,5
22,2935,7324,1,Y,Yes,13,3,2,80,2,1,2,2,1,0,0,0
23,15427,22021,2,Y,No,16,3,3,80,0,31,3,3,25,8,3,7
24,3944,4306,5,Y,Yes,11,3,3,80,0,6,3,3,3,2,1,2
26,4011,8232,0,Y,No,18,3,4,80,1,5,5,2,4,2,1,3
27,3407,6986,7,Y,No,23,4,2,80,0,10,4,3,5,3,0,3
28,11994,21293,0,Y,No,11,3,3,80,0,13,4,3,12,6,2,11
30,1232,19281,1,Y,No,14,3,4,80,0,0,6,3,0,0,0,0
31,2960,17102,2,Y,No,11,3,3,80,0,8,2,3,4,2,1,3
32,19094,10735,4,Y,No,11,3,4,80,1,26,3,2,14,13,4,8
33,3919,4681,1,Y,Yes,22,4,2,80,0,10,5,3,10,2,6,7
35,6825,21173,0,Y,No,11,3,4,80,1,10,2,3,9,7,4,2
36,10248,2094,3,Y,No,14,3,4,80,1,24,4,3,22,6,5,17
38,18947,22822,3,Y,No,12,3,4,80,0,22,2,2,2,2,2,1
39,2496,6670,4,Y,No,11,3,4,80,0,7,3,3,1,1,0,0
40,6465,19121,2,Y,Yes,13,3,4,80,0,9,5,4,4,2,1,3
41,2206,16117,1,Y,No,13,3,1,80,0,10,5,3,10,0,1,8
42,2086,3335,3,Y,No,14,3,3,80,1,19,6,4,1,0,0,0
45,2293,3020,2,Y,Yes,16,3,1,80,1,6,2,2,2,0,2,0
46,2645,21923,1,Y,No,12,3,4,80,2,6,3,2,5,3,1,4
47,2683,3810,1,Y,Yes,14,3,3,80,0,3,2,3,3,2,0,2
49,2014,9687,1,Y,No,13,3,1,80,0,2,3,3,2,2,2,2
51,3419,13072,9,Y,Yes,14,3,4,80,1,6,3,4,1,1,0,0
52,5376,3193,2,Y,No,19,3,1,80,2,10,3,3,5,3,1,3
53,1951,10910,1,Y,No,12,3,3,80,1,1,3,3,1,0,0,0
54,2341,19715,1,Y,No,13,3,4,80,1,1,6,3,1,0,0,0
55,2293,10558,1,Y,No,12,3,3,80,0,1,2,2,1,0,0,1
56,8726,2975,1,Y,No,15,3,4,80,0,9,0,3,9,8,1,7
57,4011,10781,1,Y,No,23,4,4,80,0,12,2,3,12,8,3,7
58,19545,16280,1,Y,No,12,3,4,80,0,23,0,3,22,15,15,8
60,4568,10034,0,Y,No,20,4,3,80,0,10,2,3,9,5,8,7
61,3022,10227,4,Y,No,21,4,1,80,0,8,1,3,1,0,0,0
62,5772,20445,4,Y,Yes,21,4,3,80,0,14,4,3,9,6,0,8
63,2269,4892,1,Y,No,19,3,4,80,0,1,2,3,1,0,0,1
64,5381,19294,9,Y,Yes,13,3,4,80,0,23,2,3,1,0,0,0
65,3441,11179,1,Y,Yes,13,3,3,80,0,2,3,2,2,2,2,2
68,5454,4009,5,Y,Yes,21,4,3,80,1,9,2,2,4,3,1,3
70,9884,8302,2,Y,Yes,13,3,3,80,1,10,3,3,4,0,2,3
72,4157,21436,7,Y,Yes,19,3,3,80,1,5,2,2,2,2,0,0
73,13458,15146,1,Y,Yes,12,3,3,80,0,15,1,3,15,14,8,12
74,9069,11031,1,Y,No,22,4,4,80,1,9,3,2,9,8,1,8
75,4014,16002,3,Y,Yes,15,3,3,80,1,4,3,3,2,2,2,2
76,5915,9528,3,Y,No,22,4,4,80,1,10,3,2,7,7,1,7
77,5993,2689,1,Y,No,18,3,3,80,1,7,2,4,7,5,0,7
78,6162,10877,1,Y,Yes,22,4,2,80,1,9,3,3,9,8,7,8
79,2406,5456,1,Y,No,11,3,4,80,0,10,2,3,10,3,9,9
80,18740,16701,5,Y,Yes,12,3,4,80,1,29,2,2,27,3,13,8
81,7637,2354,7,Y,No,11,3,4,80,0,28,3,2,21,16,7,9
83,10096,8202,1,Y,No,13,3,2,80,3,17,2,3,17,14,12,8
84,14756,19730,2,Y,Yes,14,3,3,80,3,21,2,3,5,0,0,2
85,6499,22656,1,Y,No,13,3,3,80,0,6,3,3,6,5,0,3
86,9724,18787,2,Y,No,17,3,3,80,1,25,2,3,1,0,0,0
88,2194,5868,4,Y,No,13,3,4,80,1,5,2,2,3,2,1,2
90,3388,21777,0,Y,Yes,17,3,1,80,1,2,0,2,1,0,0,0
91,5473,24668,7,Y,No,11,3,4,80,0,20,2,2,4,3,1,3
94,2703,4956,0,Y,No,23,4,4,80,1,6,3,3,5,4,0,4
95,2501,18775,1,Y,No,17,3,2,80,0,1,4,3,1,1,1,0
96,6220,7346,1,Y,No,17,3,2,80,2,10,3,3,10,4,0,9
97,3038,22002,3,Y,No,12,3,2,80,0,5,3,3,1,0,0,0
98,4424,20682,1,Y,No,23,4,4,80,0,11,2,3,11,7,1,8
100,4312,23016,0,Y,No,14,3,2,80,0,16,2,3,15,13,2,8
101,13245,15067,4,Y,Yes,14,3,2,80,0,17,3,4,0,0,0,0
102,13664,25258,4,Y,No,13,3,1,80,0,16,3,4,5,2,0,2
103,5021,10425,8,Y,Yes,22,4,4,80,1,16,2,3,4,2,0,2
104,5126,15998,1,Y,Yes,12,3,3,80,2,10,1,2,10,8,3,0
105,2859,26278,1,Y,No,18,3,1,80,0,6,3,3,6,4,0,4
106,10239,18092,3,Y,No,14,3,4,80,1,24,4,3,1,0,1,0
107,5329,15717,7,Y,Yes,12,3,4,80,3,17,3,3,13,11,1,9
110,4325,17736,1,Y,No,15,3,3,80,0,5,2,3,5,2,1,3
112,7260,21698,4,Y,No,11,3,1,80,0,37,3,2,6,4,0,2
113,2322,9518,3,Y,No,13,3,3,80,1,3,3,3,0,0,0,0
116,2075,18725,3,Y,No,23,4,2,80,2,10,4,3,4,2,0,3
117,4152,15830,1,Y,No,19,3,1,80,3,11,3,3,11,10,10,8
118,9619,13596,1,Y,No,16,3,4,80,0,9,3,3,9,8,4,7
119,13503,14115,1,Y,No,22,4,4,80,1,22,3,2,22,3,11,11
120,5441,8423,0,Y,Yes,22,4,4,80,0,11,2,1,10,7,1,0
121,5209,19760,1,Y,Yes,12,3,2,80,3,11,4,2,11,8,2,7
124,10673,3142,2,Y,Yes,13,3,3,80,1,21,5,2,10,9,9,5
125,5010,24301,1,Y,No,16,3,1,80,0,12,0,3,11,8,5,7
126,13549,24001,9,Y,No,12,3,1,80,1,16,5,1,4,3,0,3
128,4999,17519,0,Y,No,21,4,1,80,1,4,2,2,3,2,0,2
129,4221,8863,1,Y,No,15,3,2,80,0,5,3,4,5,4,0,4
131,13872,24409,0,Y,No,13,3,3,80,0,38,1,2,37,10,1,8
132,2042,25043,4,Y,No,12,3,3,80,1,17,3,4,3,2,1,2
133,2073,23648,4,Y,Yes,22,4,4,80,0,7,3,3,3,2,0,2
134,2956,15178,1,Y,No,13,3,4,80,0,1,2,3,1,0,0,0
137,2926,19783,1,Y,Yes,18,3,2,80,0,1,5,3,1,0,1,0
138,4809,12482,1,Y,No,14,3,3,80,0,16,3,3,16,13,2,10
139,5163,15850,5,Y,No,14,3,4,80,1,17,2,4,1,0,0,0
140,18844,21922,9,Y,No,21,4,4,80,1,30,3,3,3,2,2,2
141,18172,9755,3,Y,Yes,19,3,1,80,0,28,1,2,8,3,0,7
142,5744,26959,1,Y,Yes,11,3,4,80,0,6,1,3,6,4,0,3
143,2889,26897,1,Y,No,11,3,3,80,2,2,2,3,2,2,2,1
144,2871,23785,1,Y,No,15,3,3,80,0,1,5,3,0,0,0,0
145,7484,25796,3,Y,No,20,4,3,80,0,23,1,2,13,12,12,8
147,6074,22887,1,Y,Yes,24,4,4,80,0,9,3,3,9,7,0,6
148,17328,13871,2,Y,Yes,12,3,3,80,0,23,3,3,5,3,4,4
150,2774,13257,0,Y,No,12,3,3,80,1,6,2,3,5,3,1,2
151,4505,15000,6,Y,No,15,3,3,80,1,12,3,3,1,0,0,0
152,7428,14506,2,Y,No,12,3,1,80,0,12,3,3,5,3,1,3
153,11631,5615,2,Y,No,12,3,4,80,0,14,6,3,11,10,5,8
154,9738,22952,0,Y,No,14,3,3,80,1,10,6,3,9,7,2,8
155,2835,2561,5,Y,No,22,4,1,80,1,7,2,3,1,0,0,0
158,16959,19494,1,Y,Yes,12,3,4,80,2,25,3,4,25,12,4,12
159,2613,22310,1,Y,No,25,4,3,80,3,10,2,2,10,7,0,9
160,6146,15480,0,Y,No,13,3,1,80,1,8,2,4,7,7,0,7
161,4963,4510,9,Y,Yes,18,3,1,80,3,7,2,3,5,4,4,3
162,19537,6462,7,Y,No,13,3,3,80,0,23,5,3,20,18,15,15
163,6172,20739,4,Y,Yes,18,3,2,80,0,12,3,2,7,7,7,7
164,2368,23300,1,Y,No,19,3,3,80,0,5,3,2,5,4,4,3
165,10312,3465,1,Y,No,12,3,4,80,1,40,3,2,40,10,15,6
167,1675,26820,1,Y,Yes,19,3,4,80,0,0,2,2,0,0,0,0
169,2523,19299,0,Y,No,14,3,3,80,1,3,2,3,2,1,2,1
170,6567,5549,1,Y,No,14,3,3,80,0,16,2,2,15,11,5,11
171,4739,16090,4,Y,No,12,3,4,80,0,18,2,3,3,2,1,2
174,9208,6645,4,Y,No,11,3,4,80,0,16,3,3,2,2,2,1
175,4559,24788,3,Y,Yes,11,3,3,80,1,4,2,3,2,2,2,2
176,8189,21196,3,Y,Yes,13,3,3,80,1,12,2,3,9,7,0,7
177,2942,8916,1,Y,No,23,4,4,80,1,8,3,3,8,7,5,7
178,4941,2819,6,Y,No,20,4,4,80,2,7,0,3,3,2,0,1
179,10650,25150,2,Y,No,15,3,4,80,0,18,2,3,4,2,0,3
182,5902,14590,4,Y,No,14,3,3,80,1,17,1,4,15,11,5,9
183,8639,24835,2,Y,No,18,3,4,80,0,6,3,3,2,2,2,2
184,6347,13982,0,Y,Yes,19,3,4,80,0,12,2,1,11,9,4,7
190,4200,10224,7,Y,No,22,4,1,80,0,10,2,4,5,4,0,4
192,3452,9752,5,Y,No,13,3,2,80,0,9,2,2,6,5,0,3
193,4317,2302,3,Y,Yes,20,4,2,80,0,19,2,3,3,2,2,2
194,2632,23910,1,Y,No,14,3,3,80,0,5,4,2,5,4,0,4
195,4668,22812,0,Y,No,17,3,4,80,3,9,2,4,8,7,0,7
197,3204,10415,5,Y,No,14,3,4,80,1,8,3,3,3,2,2,2
198,2720,11162,0,Y,No,13,3,4,80,0,6,3,3,5,3,1,2
199,17181,12888,4,Y,No,13,3,2,80,1,21,2,2,7,6,7,7
200,2238,6961,2,Y,No,21,4,4,80,1,7,2,3,5,0,1,4
201,1483,16102,1,Y,No,14,3,4,80,0,1,3,3,1,0,0,0
202,5605,8504,1,Y,No,11,3,1,80,1,20,2,3,20,7,2,13
204,7295,11439,1,Y,No,13,3,1,80,2,10,3,3,10,8,0,6
205,2306,16047,2,Y,Yes,20,4,4,80,1,13,3,1,7,7,4,5
206,2348,10901,8,Y,No,18,3,3,80,1,20,2,1,17,9,0,15
207,8998,15589,1,Y,No,14,3,4,80,0,9,2,3,9,8,3,7
208,4319,26283,1,Y,No,13,3,1,80,1,10,1,3,10,7,0,9
211,6132,13983,2,Y,No,17,3,3,80,0,10,2,3,1,0,0,0
214,3346,11873,4,Y,Yes,20,4,2,80,1,9,3,2,1,0,0,0
215,10855,8552,7,Y,No,11,3,1,80,1,15,2,2,12,11,2,11
216,2231,11314,6,Y,No,18,3,4,80,1,6,3,3,4,3,1,2
217,2323,11992,1,Y,No,24,4,1,80,2,2,6,3,2,2,2,2
218,2024,5970,6,Y,No,18,3,4,80,1,6,1,1,2,2,2,2
221,2713,6672,1,Y,No,11,3,3,80,1,5,2,1,5,2,0,2
223,9439,23402,3,Y,Yes,16,3,2,80,1,12,2,1,5,3,1,4
224,2566,25326,1,Y,Yes,15,3,4,80,1,1,2,2,1,1,0,1
226,19926,17053,3,Y,No,15,3,2,80,0,21,5,3,5,4,4,4
227,2451,4609,4,Y,No,12,3,1,80,1,13,2,3,9,8,1,8
228,9419,8053,2,Y,No,12,3,3,80,1,12,2,3,10,9,7,4
230,8686,12930,4,Y,No,22,4,3,80,0,12,2,4,8,3,0,7
231,3038,12430,3,Y,No,20,4,1,80,0,8,2,3,5,4,1,4
233,3058,13364,0,Y,Yes,16,3,4,80,1,6,3,2,5,2,1,1
235,2325,20989,0,Y,No,21,4,1,80,0,1,5,4,0,0,0,0
238,2088,15062,4,Y,No,12,3,3,80,0,13,3,2,8,7,7,2
239,3072,11012,1,Y,No,11,3,3,80,2,12,4,3,12,9,6,10
240,5006,6319,4,Y,Yes,11,3,1,80,1,9,3,4,5,4,0,3
241,4257,13939,4,Y,Yes,18,3,3,80,1,19,3,3,2,2,2,2
242,2500,10515,0,Y,No,14,3,1,80,0,4,2,4,3,1,0,2
243,1102,9241,1,Y,No,22,4,3,80,0,1,3,2,1,0,1,0
244,10453,2137,1,Y,No,25,4,3,80,3,24,2,3,24,13,15,7
245,2288,6319,1,Y,No,12,3,3,80,0,2,3,3,2,2,2,1
246,3929,6984,8,Y,Yes,23,4,3,80,1,7,0,3,4,2,0,2
247,2311,5711,2,Y,No,15,3,4,80,0,9,3,3,3,2,1,2
248,3140,21728,1,Y,Yes,22,4,4,80,0,4,5,2,4,3,0,2
249,3690,3425,2,Y,No,15,3,4,80,1,5,2,2,3,2,0,2
250,4450,26250,1,Y,No,11,3,3,80,2,5,3,3,4,2,1,3
252,2756,4673,1,Y,No,13,3,4,80,1,8,5,3,8,7,1,6
253,19033,6499,1,Y,No,14,3,2,80,1,21,2,3,20,8,9,9
254,18722,13339,8,Y,No,11,3,4,80,0,36,3,3,24,15,2,15
256,9547,14074,1,Y,No,17,3,3,80,0,10,2,2,10,9,1,9
258,13734,7192,3,Y,No,18,3,3,80,0,21,6,3,7,7,1,0
259,19999,5678,0,Y,No,14,3,1,80,1,34,5,3,33,18,11,9
260,2279,11781,1,Y,No,16,3,4,80,0,7,2,2,7,7,0,3
261,5916,15497,3,Y,Yes,13,3,1,80,0,8,1,3,1,0,0,1
262,2089,5228,4,Y,No,14,3,4,80,3,7,3,4,5,4,2,2
264,16792,20462,9,Y,No,23,4,4,80,1,22,1,3,20,8,11,8
267,3564,22977,1,Y,Yes,12,3,1,80,1,8,3,2,8,7,1,7
269,4425,15986,5,Y,No,11,3,4,80,0,10,5,3,6,2,1,2
270,5265,16439,2,Y,No,16,3,2,80,1,11,5,3,5,3,0,2
271,6553,7259,9,Y,No,14,3,2,80,0,14,3,3,1,0,0,0
273,6261,4185,3,Y,No,18,3,1,80,1,9,3,1,7,7,1,7
274,4298,9679,5,Y,No,19,3,3,80,1,6,1,3,2,2,2,0
275,6804,23793,1,Y,Yes,15,3,1,80,2,7,0,3,7,7,1,7
277,3815,5972,1,Y,Yes,17,3,4,80,1,5,4,4,5,3,2,0
281,2741,16523,8,Y,Yes,15,3,3,80,1,15,2,4,7,2,3,7
282,6673,11354,7,Y,Yes,19,3,2,80,0,17,2,3,1,0,0,0
283,7639,24525,1,Y,No,22,4,4,80,3,10,3,2,10,4,1,9
284,2328,12392,1,Y,Yes,16,3,1,80,1,4,2,2,4,2,2,2
286,2153,7703,1,Y,No,13,3,1,80,0,8,2,3,8,1,1,7
287,4876,14242,9,Y,No,14,3,4,80,1,5,5,1,3,2,0,2
288,9396,12368,7,Y,No,16,3,3,80,1,17,3,3,4,2,0,3
291,10400,25812,1,Y,No,11,3,3,80,0,14,2,2,14,8,9,8
292,8474,20925,1,Y,No,22,4,3,80,0,12,2,3,11,8,5,8
293,9981,12916,1,Y,No,14,3,4,80,0,7,2,3,7,7,0,7
296,12490,15736,5,Y,No,16,3,4,80,2,16,5,1,10,9,4,7
297,2657,8556,5,Y,Yes,11,3,3,80,0,8,5,3,5,2,0,4
298,13591,14674,3,Y,Yes,18,3,3,80,0,16,3,3,1,0,0,0
299,6696,22967,5,Y,No,15,3,3,80,0,9,5,2,6,3,0,1
300,2058,19757,0,Y,No,14,3,4,80,0,7,1,2,6,2,1,5
302,8865,16840,6,Y,No,12,3,4,80,0,23,2,3,19,7,12,8
303,5940,17011,2,Y,No,14,3,4,80,1,16,4,3,6,2,0,5
304,5914,9945,8,Y,No,16,3,4,80,0,16,3,4,13,11,3,7
305,2622,13248,6,Y,No,21,4,4,80,0,7,3,3,3,2,1,1
306,12185,10056,1,Y,Yes,14,3,3,80,3,10,1,3,10,8,0,7
307,10609,9647,0,Y,No,12,3,3,80,2,17,6,2,16,10,5,13
308,4345,4381,0,Y,No,12,3,4,80,1,6,2,3,5,4,1,4
309,2177,8456,3,Y,No,17,3,1,80,1,7,6,3,1,0,0,0
311,2793,2539,4,Y,No,17,3,3,80,1,13,2,3,9,8,5,8
312,7918,6599,1,Y,No,14,3,4,80,1,11,5,3,11,10,4,1
314,8789,9096,1,Y,No,14,3,1,80,0,10,3,4,10,7,0,8
315,2389,14961,1,Y,Yes,13,3,3,80,0,4,3,2,4,3,0,1
316,3212,3300,7,Y,No,15,3,2,80,0,6,3,2,2,2,2,2
319,19232,4933,1,Y,No,11,3,4,80,0,22,3,3,22,17,11,15
321,2267,25657,8,Y,No,17,3,4,80,0,7,2,2,2,2,2,2
323,19517,24118,3,Y,No,11,3,3,80,1,32,3,2,7,0,0,6
325,2436,22149,5,Y,Yes,13,3,3,80,1,8,2,1,5,4,0,4
327,16064,7744,5,Y,Yes,22,4,3,80,1,22,3,3,17,13,1,9
328,2707,21509,7,Y,No,20,4,1,80,0,13,3,4,9,7,1,7
329,19068,21030,1,Y,Yes,18,3,4,80,0,33,2,4,33,7,15,12
330,3931,20990,2,Y,No,11,3,1,80,1,6,5,3,4,3,1,2
331,3730,9571,0,Y,Yes,14,3,4,80,0,4,2,1,3,2,1,2
332,2232,15417,7,Y,No,14,3,3,80,3,7,1,3,3,2,1,2
333,4465,12069,0,Y,No,18,3,1,80,0,4,2,3,3,2,2,2
334,3072,19877,2,Y,No,16,3,1,80,2,17,2,2,1,0,0,0
335,3319,24447,1,Y,No,17,3,1,80,2,9,3,3,9,8,4,7
336,19202,15970,0,Y,No,11,3,3,80,1,25,2,3,24,0,1,7
337,13675,13523,9,Y,No,12,3,1,80,1,9,3,3,2,2,2,2
338,2911,14776,1,Y,No,13,3,3,80,1,2,2,2,2,2,0,2
339,5957,23687,6,Y,No,13,3,2,80,1,13,3,3,11,9,5,9
340,3920,18697,2,Y,No,14,3,1,80,1,17,2,2,3,1,0,2
341,6434,5118,4,Y,No,17,3,4,80,1,9,1,3,3,2,0,2
342,10048,22573,6,Y,No,11,3,2,80,2,17,5,3,1,0,0,0
343,10938,6420,0,Y,No,25,4,4,80,0,20,1,3,19,6,11,8
346,2340,22673,1,Y,No,19,3,1,80,0,6,1,3,6,5,1,5
347,6545,23016,3,Y,Yes,13,3,3,80,0,10,1,3,3,2,0,2
349,6931,10732,2,Y,No,14,3,4,80,1,10,2,3,3,2,0,2
350,4898,7505,0,Y,No,12,3,4,80,2,5,3,3,4,2,1,2
351,2593,8007,0,Y,Yes,11,3,3,80,1,10,4,3,9,6,7,8
352,19436,5949,0,Y,No,19,3,4,80,1,22,5,3,21,7,3,9
353,2723,23231,1,Y,No,11,3,2,80,0,1,0,2,1,0,0,0
355,3479,11652,0,Y,No,11,3,2,80,0,6,2,4,5,4,1,4
359,2794,26062,1,Y,No,20,4,3,80,0,5,3,1,5,1,0,3
361,5249,19682,3,Y,No,18,3,4,80,1,13,0,3,8,7,7,5
362,2176,19737,4,Y,No,13,3,4,80,0,9,5,3,6,2,0,4
363,16872,14977,3,Y,Yes,12,3,2,80,1,28,2,2,7,7,7,7
364,3485,14935,2,Y,No,11,3,3,80,0,5,5,1,0,0,0,0
366,6644,3687,2,Y,No,19,3,2,80,2,10,2,3,0,0,0,0
367,5582,14408,0,Y,No,21,4,2,80,1,10,2,3,9,0,7,8
369,4000,18384,1,Y,No,12,3,4,80,2,6,2,3,6,3,1,5
372,13496,7501,0,Y,Yes,14,3,2,80,0,21,2,3,20,7,4,10
373,3210,20251,0,Y,No,11,3,3,80,1,16,4,3,15,13,10,11
374,19045,18938,0,Y,Yes,14,3,3,80,0,37,2,3,36,10,4,13
376,11849,10268,1,Y,Yes,12,3,4,80,1,10,2,2,10,7,9,9
377,2070,2613,1,Y,No,23,4,4,80,1,5,3,2,5,2,0,4
378,6502,22825,4,Y,No,14,3,2,80,1,7,5,4,5,4,0,1
379,3230,10531,1,Y,No,17,3,1,80,0,3,4,4,3,2,1,0
380,13603,11677,2,Y,Yes,18,3,1,80,2,15,2,3,5,2,0,2
381,11996,19100,7,Y,No,18,3,2,80,1,10,6,2,7,7,6,2
382,5605,19191,1,Y,Yes,24,4,3,80,1,8,3,3,8,0,7,7
384,6397,26767,1,Y,No,20,4,1,80,1,6,6,1,6,5,1,4
385,19144,15815,3,Y,No,14,3,1,80,2,28,4,2,10,4,1,6
386,17584,21016,3,Y,Yes,16,3,4,80,3,21,5,2,5,3,1,3
387,4907,24532,1,Y,No,25,4,3,80,0,20,3,3,20,16,11,6
388,4554,20260,1,Y,No,18,3,1,80,0,10,3,2,10,7,0,9
389,5415,15972,3,Y,Yes,19,3,4,80,1,12,4,3,10,7,0,8
390,4741,22722,1,Y,Yes,13,3,3,80,1,5,3,3,5,3,3,3
391,2115,15881,1,Y,No,12,3,2,80,0,17,3,3,17,12,5,7
392,3161,19920,3,Y,Yes,22,4,4,80,1,19,0,1,1,0,0,0
393,5745,18899,9,Y,No,14,3,2,80,1,10,2,3,2,2,1,2
394,2373,14180,2,Y,Yes,13,3,4,80,1,5,2,3,3,2,0,2
395,3310,4488,1,Y,No,21,4,4,80,0,5,3,3,5,3,0,2
396,18665,25594,9,Y,Yes,11,3,4,80,0,22,4,3,3,2,1,2
397,4485,26285,4,Y,No,12,3,4,80,0,10,2,3,8,0,7,7
399,2789,3909,1,Y,No,11,3,3,80,1,2,5,2,2,2,2,2
401,5828,8450,1,Y,Yes,12,3,2,80,0,8,0,3,8,7,7,4
403,2326,11411,1,Y,Yes,12,3,3,80,3,4,3,2,4,2,1,2
404,13525,14864,5,Y,No,14,3,4,80,1,23,2,4,20,4,4,8
405,1420,25233,1,Y,No,13,3,3,80,0,0,2,3,0,0,0,0
406,8020,5100,0,Y,No,15,3,3,80,2,12,3,2,11,9,6,9
407,3688,7122,4,Y,No,18,3,4,80,2,4,2,3,1,0,0,0
408,5482,16321,5,Y,No,18,3,4,80,1,13,3,3,4,1,1,2
410,16015,15896,1,Y,No,19,3,2,80,0,22,2,3,22,10,0,4
411,1200,9724,1,Y,No,12,3,1,80,0,0,2,3,0,0,0,0
412,5661,4824,0,Y,No,19,3,3,80,0,9,2,3,8,3,0,7
416,6929,12241,4,Y,No,11,3,2,80,1,10,3,2,8,7,7,7
417,9613,10942,0,Y,No,17,3,1,80,3,19,5,2,18,10,3,7
419,5674,6927,7,Y,No,15,3,3,80,1,11,3,3,9,8,0,8
420,5484,16985,1,Y,No,14,3,3,80,1,13,3,2,13,8,4,8
421,12061,26707,3,Y,No,17,3,3,80,1,19,2,3,10,8,0,1
422,5660,17056,2,Y,Yes,13,3,4,80,1,12,2,3,5,3,1,2
423,4821,10077,0,Y,Yes,12,3,3,80,1,6,4,3,5,2,0,3
424,6410,17822,3,Y,No,12,3,4,80,0,9,1,3,2,2,1,0
425,5210,20308,1,Y,No,18,3,1,80,1,24,2,3,24,9,9,11
426,2695,7747,0,Y,Yes,18,3,2,80,1,3,2,1,2,2,2,2
428,11878,23364,6,Y,No,11,3,2,80,2,12,2,3,10,6,8,8
429,17068,5355,1,Y,Yes,14,3,4,80,0,21,3,3,21,9,11,10
430,2455,10675,0,Y,No,19,3,1,80,0,9,5,3,8,7,1,7
431,13964,17810,7,Y,Yes,12,3,4,80,0,25,2,3,7,1,0,7
433,4941,17747,2,Y,No,15,3,1,80,0,11,3,2,8,2,7,7
434,2478,20938,1,Y,Yes,12,3,2,80,0,4,2,2,4,3,1,2
436,5228,24624,1,Y,Yes,11,3,4,80,0,13,2,3,13,12,11,9
437,4478,5242,1,Y,Yes,11,3,1,80,0,5,3,3,5,4,0,4
438,7547,7143,4,Y,No,12,3,4,80,3,13,3,3,7,7,1,7
439,5055,10557,7,Y,No,16,3,3,80,0,10,0,2,7,7,0,7
440,3464,24737,5,Y,Yes,13,3,4,80,0,5,4,2,3,2,2,2
441,5775,11934,1,Y,No,13,3,4,80,2,11,2,3,10,8,1,9
442,8943,14034,1,Y,No,24,4,1,80,1,10,2,3,10,9,8,9
444,19272,21141,1,Y,No,15,3,1,80,1,21,2,3,21,9,13,3
445,5238,17778,4,Y,Yes,18,3,1,80,0,12,3,2,1,0,0,0
446,4682,4317,3,Y,No,14,3,3,80,0,9,6,2,7,7,0,1
447,18300,16375,4,Y,No,11,3,2,80,1,21,2,3,3,2,1,1
448,5257,6227,1,Y,No,11,3,2,80,1,9,3,4,9,7,0,0
449,6349,22107,0,Y,Yes,13,3,4,80,1,6,0,3,5,4,1,4
450,4869,16885,3,Y,No,12,3,4,80,0,20,4,2,4,3,0,3
451,9985,9262,8,Y,No,16,3,1,80,1,10,1,2,1,0,0,0
452,3697,9278,9,Y,No,14,3,1,80,2,12,3,3,10,9,9,8
453,7457,13273,2,Y,Yes,22,4,3,80,3,6,2,2,4,3,0,2
454,2119,4759,1,Y,Yes,11,3,4,80,0,7,4,2,7,7,0,7
455,3983,7621,0,Y,No,17,3,3,80,0,4,2,3,3,2,2,2
456,6118,5431,1,Y,No,13,3,3,80,3,10,2,3,10,9,1,2
458,6214,3415,1,Y,No,18,3,1,80,1,8,3,3,8,7,0,7
460,6347,23177,7,Y,No,16,3,3,80,2,8,2,2,6,2,0,4
461,11510,15682,0,Y,Yes,14,3,2,80,1,12,3,3,11,10,2,9
462,7143,25713,1,Y,Yes,14,3,3,80,0,11,2,2,11,9,4,10
463,8268,11866,1,Y,Yes,14,3,1,80,2,7,2,3,7,7,1,7
464,8095,18264,0,Y,No,13,3,4,80,0,17,5,3,16,6,0,13
465,2904,16092,1,Y,No,12,3,3,80,2,4,2,2,4,2,0,2
466,6032,10110,6,Y,Yes,15,3,4,80,0,8,3,3,5,4,1,2
467,2976,25751,3,Y,No,19,3,1,80,0,5,3,3,0,0,0,0
468,15992,15901,2,Y,No,14,3,2,80,0,16,2,3,1,0,0,0
469,4649,16928,1,Y,No,14,3,1,80,1,4,3,2,4,3,0,2
470,2696,24017,0,Y,Yes,11,3,3,80,1,4,5,3,3,2,1,0
471,2370,3956,1,Y,No,13,3,3,80,1,8,4,3,8,0,0,7
473,12504,23978,3,Y,No,21,4,2,80,1,15,3,1,0,0,0,0
474,5974,17001,4,Y,Yes,13,3,1,80,2,13,2,3,7,7,6,7
475,4736,6069,7,Y,Yes,12,3,2,80,1,4,2,4,2,2,2,2
476,5296,20156,1,Y,No,17,3,2,80,1,8,3,3,8,7,7,7
477,6781,17078,3,Y,No,23,4,2,80,0,14,6,3,1,0,0,0
478,2174,9150,1,Y,Yes,11,3,3,80,0,3,3,3,3,2,1,2
479,6653,15276,4,Y,No,15,3,2,80,0,7,6,3,1,0,0,0
481,9699,7246,4,Y,No,11,3,1,80,1,16,2,3,13,9,1,12
482,6755,2967,2,Y,No,11,3,3,80,0,15,2,3,3,2,1,2
483,2213,22495,3,Y,Yes,13,3,3,80,1,10,3,3,7,7,1,7
484,2610,2851,1,Y,No,24,4,3,80,0,3,3,2,3,2,2,2
485,2851,9150,1,Y,Yes,13,3,2,80,0,1,2,3,1,0,0,0
486,3452,17663,6,Y,No,20,4,2,80,1,17,3,3,5,4,0,3
487,5258,16044,2,Y,No,14,3,3,80,0,7,2,4,1,0,0,0
488,9355,9558,1,Y,No,18,3,3,80,0,8,5,3,8,7,7,7
491,10496,2755,6,Y,No,15,3,4,80,0,20,2,3,4,3,1,3
492,6380,6110,2,Y,Yes,12,3,1,80,2,8,6,3,6,4,1,0
493,2657,7551,0,Y,Yes,16,3,4,80,0,3,5,3,2,2,2,2
494,2716,25422,1,Y,No,15,3,4,80,0,1,0,3,1,0,0,0
495,2201,18168,9,Y,No,16,3,4,80,0,6,4,3,3,2,1,2
496,6540,19394,9,Y,No,19,3,3,80,0,10,5,3,1,1,0,0
497,3816,17881,1,Y,No,11,3,2,80,1,5,2,3,5,2,0,4
498,5253,20750,1,Y,No,16,3,4,80,0,7,1,3,7,5,0,7
499,10965,12066,8,Y,No,24,4,3,80,0,26,2,3,5,2,0,0
500,4936,14862,4,Y,No,11,3,3,80,1,18,2,2,7,7,0,7
501,2543,11868,4,Y,No,13,3,2,80,1,6,3,3,2,2,2,2
502,5304,4652,8,Y,Yes,13,3,2,80,0,9,3,2,5,2,0,4
505,16659,23258,2,Y,Yes,13,3,3,80,0,30,2,3,5,4,1,2
507,4260,5915,1,Y,Yes,12,3,4,80,1,5,2,4,5,2,0,3
508,2476,17434,1,Y,No,18,3,1,80,1,1,3,3,1,0,0,0
510,3102,6582,0,Y,No,22,4,3,80,0,7,2,3,6,4,0,4
511,2244,24440,1,Y,No,13,3,4,80,1,2,1,3,2,1,1,2
513,7596,3809,1,Y,No,13,3,2,80,2,10,2,3,10,9,9,0
514,2285,3427,9,Y,Yes,23,4,3,80,0,3,4,3,1,0,0,0
515,3034,26914,1,Y,No,12,3,3,80,1,18,2,2,18,7,12,17
516,5715,22553,7,Y,No,12,3,3,80,2,8,5,3,5,4,1,3
517,2576,20490,3,Y,No,16,3,2,80,1,8,5,3,5,2,1,2
518,4197,21123,2,Y,Yes,12,3,4,80,0,18,2,2,1,0,0,1
520,14336,4345,1,Y,No,11,3,3,80,1,25,3,3,25,10,3,9
521,3448,13436,6,Y,No,22,4,2,80,1,20,3,3,1,0,0,0
522,19406,8509,4,Y,No,11,3,3,80,1,24,4,2,4,2,1,2
523,6538,12740,9,Y,No,15,3,1,80,1,6,3,3,3,2,1,2
524,4306,4156,1,Y,No,12,3,2,80,1,13,5,1,13,10,3,12
525,2258,15238,7,Y,No,20,4,1,80,1,8,1,3,3,2,1,2
526,4522,2227,4,Y,Yes,14,3,4,80,0,8,3,3,5,2,0,2
527,4487,12090,1,Y,Yes,11,3,2,80,0,5,3,3,5,4,1,3
529,4449,23866,3,Y,Yes,15,3,1,80,2,15,2,3,13,11,10,7
530,2218,16193,1,Y,No,12,3,3,80,1,4,3,3,4,2,3,2
531,19197,8213,1,Y,Yes,14,3,3,80,1,21,3,3,21,8,1,6
532,13212,18256,9,Y,No,11,3,4,80,3,36,0,2,7,7,7,7
533,6577,19558,0,Y,No,11,3,2,80,0,6,6,3,5,4,4,4
534,8392,19566,1,Y,No,16,3,3,80,1,10,2,3,10,7,0,7
536,4558,13535,1,Y,No,12,3,4,80,1,10,2,3,10,0,1,8
538,4031,9396,5,Y,No,13,3,3,80,1,6,5,3,2,2,0,2
543,7969,19609,2,Y,Yes,14,3,3,80,0,28,4,3,5,4,0,4
544,2654,9655,3,Y,No,21,4,4,80,2,8,3,2,2,2,0,2
546,16555,10310,2,Y,No,13,3,4,80,0,31,2,1,5,2,1,4
547,4556,12932,2,Y,No,11,3,2,80,1,19,3,3,5,4,0,2
548,6091,24793,2,Y,No,20,4,3,80,0,11,2,3,5,4,0,2
549,19566,3854,5,Y,No,11,3,4,80,0,33,5,1,29,8,11,10
550,4810,26314,2,Y,No,14,3,3,80,1,19,5,2,10,7,0,8
551,4523,4386,0,Y,No,11,3,4,80,3,7,4,4,6,5,0,4
554,3202,21972,1,Y,Yes,16,3,2,80,0,6,4,3,5,3,1,4
555,2351,12253,0,Y,No,16,3,4,80,1,3,3,2,2,2,1,0
556,1702,12106,1,Y,Yes,23,4,3,80,1,1,3,3,1,0,0,0
558,18041,13022,0,Y,No,14,3,4,80,0,21,2,3,20,15,1,12
560,2886,3032,1,Y,No,22,4,2,80,2,3,3,1,3,2,0,2
562,2097,16734,4,Y,No,15,3,3,80,1,9,3,1,5,3,1,4
564,11935,21526,1,Y,No,18,3,3,80,0,10,2,3,10,2,0,7
565,2546,18300,5,Y,No,16,3,2,80,0,6,2,4,2,2,1,1
566,2564,18437,1,Y,No,12,3,3,80,0,1,3,4,1,0,0,0
567,8412,2890,0,Y,No,11,3,3,80,0,10,3,3,9,8,7,8
568,14118,22102,3,Y,No,12,3,3,80,1,32,3,2,1,0,0,0
569,17046,9314,0,Y,No,15,3,2,80,1,28,2,3,27,10,15,7
571,2564,7181,0,Y,No,14,3,3,80,0,12,2,2,11,7,6,7
573,10266,2845,4,Y,No,19,3,4,80,0,22,5,4,18,13,13,11
574,5070,7389,5,Y,No,13,3,3,80,3,20,2,3,5,0,0,4
575,17861,2288,6,Y,No,13,3,3,80,0,26,2,1,3,2,0,1
577,4230,19225,0,Y,No,15,3,3,80,0,6,2,3,5,4,4,3
578,3780,23428,7,Y,No,11,3,3,80,0,19,3,3,1,0,0,0
579,2768,8416,3,Y,No,12,3,3,80,1,14,3,3,7,3,5,7
580,9071,11563,2,Y,Yes,19,3,3,80,1,15,3,3,3,2,1,2
581,10648,14394,1,Y,No,25,4,4,80,1,13,6,4,13,8,0,8
582,13610,24619,7,Y,Yes,12,3,4,80,0,15,2,4,7,6,7,7
584,3408,6705,7,Y,No,13,3,1,80,3,8,2,3,4,3,1,3
585,2983,18398,0,Y,No,14,3,1,80,0,4,3,3,3,2,1,2
586,7632,14295,4,Y,Yes,12,3,3,80,0,10,2,3,8,7,0,0
587,9824,22908,3,Y,No,12,3,1,80,0,12,2,3,1,0,0,0
590,9950,11533,9,Y,Yes,15,3,3,80,3,11,2,3,3,2,0,2
591,2093,9260,4,Y,No,17,3,4,80,1,8,4,3,2,2,2,0
592,9980,15318,1,Y,No,14,3,4,80,0,10,3,2,10,3,9,7
593,3894,9129,5,Y,No,16,3,3,80,0,4,3,3,2,2,1,2
595,4051,19658,2,Y,No,14,3,1,80,1,14,2,3,9,7,6,7
597,16835,9873,3,Y,No,23,4,4,80,0,37,2,3,10,9,7,7
599,6230,13430,7,Y,No,14,3,4,80,0,16,3,3,14,3,1,10
600,4717,18659,9,Y,No,11,3,3,80,0,15,2,3,11,9,6,9
601,13237,20364,7,Y,No,15,3,3,80,0,22,3,3,20,6,5,13
602,3755,17872,1,Y,No,11,3,1,80,1,8,3,3,8,3,0,7
604,6582,8346,4,Y,Yes,13,3,3,80,0,10,2,4,6,5,0,5
605,7406,6950,1,Y,Yes,21,4,4,80,1,10,5,2,10,9,5,8
606,4805,16177,0,Y,No,19,3,2,80,1,9,3,4,8,7,3,7
608,2741,22808,0,Y,Yes,11,3,2,80,1,8,2,2,7,7,1,0
611,4262,22645,4,Y,No,12,3,2,80,2,8,2,4,3,2,1,2
612,16184,22578,4,Y,No,19,3,3,80,1,10,2,3,6,1,0,5
613,11557,25291,9,Y,No,21,4,3,80,1,10,3,2,5,4,0,1
614,1878,8059,1,Y,Yes,14,3,4,80,0,0,3,3,0,0,0,0
615,10932,11373,3,Y,No,15,3,3,80,1,20,2,3,1,0,0,1
616,6811,2112,2,Y,Yes,17,3,1,80,0,10,3,3,8,7,0,7
618,4306,4267,5,Y,No,12,3,1,80,2,8,5,3,0,0,0,0
620,4859,6698,1,Y,No,16,3,4,80,0,5,3,3,5,4,0,3
621,5337,19921,1,Y,No,12,3,4,80,0,10,3,3,10,7,5,7
622,2340,23213,1,Y,Yes,18,3,2,80,0,1,3,1,1,0,0,0
623,7491,23848,4,Y,No,17,3,4,80,0,12,3,4,6,5,1,2
624,10527,8984,5,Y,No,11,3,4,80,0,28,3,2,2,2,1,2
625,16595,5626,7,Y,No,16,3,2,80,1,22,2,3,18,16,11,8
626,8834,24666,1,Y,No,13,3,4,80,1,9,6,3,9,5,7,7
630,5577,22087,3,Y,Yes,12,3,2,80,2,18,3,3,10,9,6,9
631,4707,23914,8,Y,No,12,3,4,80,0,6,2,3,4,2,1,2
632,2400,5530,0,Y,No,13,3,3,80,2,3,3,3,2,2,2,1
634,9824,22174,3,Y,No,19,3,3,80,1,18,4,3,1,0,0,0
635,6447,15701,6,Y,No,12,3,2,80,1,8,2,2,6,5,4,3
638,19502,2125,1,Y,Yes,17,3,3,80,1,31,5,3,31,9,0,9
639,2725,21630,1,Y,Yes,11,3,2,80,2,6,3,3,6,5,1,4
641,6272,7428,1,Y,No,20,4,4,80,2,6,5,4,5,3,1,4
643,2127,9100,1,Y,No,21,4,4,80,1,1,2,3,1,0,0,0
644,18200,7999,1,Y,No,11,3,3,80,1,32,2,3,32,5,10,7
645,2096,26376,1,Y,No,11,3,3,80,0,7,1,3,7,4,0,6
647,2886,14168,1,Y,Yes,16,3,4,80,1,6,4,3,6,3,1,2
648,2033,14470,1,Y,No,18,3,3,80,1,1,2,4,1,0,0,0
649,3622,22794,1,Y,Yes,13,3,4,80,1,6,3,3,6,5,1,3
650,4233,11512,2,Y,No,17,3,3,80,0,9,2,1,3,1,1,2
652,3681,14004,4,Y,No,14,3,4,80,0,9,3,3,3,2,0,2
653,5460,6219,4,Y,No,22,4,4,80,2,13,4,4,7,7,5,7
655,2187,5013,0,Y,No,12,3,3,80,2,6,5,2,5,3,0,3
656,9602,3010,4,Y,Yes,11,3,3,80,1,17,3,2,3,0,1,0
657,2836,11757,1,Y,No,13,3,4,80,0,1,0,4,1,0,0,0
659,4089,5718,1,Y,No,13,3,2,80,2,10,4,3,10,2,2,2
661,16627,2671,4,Y,Yes,14,3,3,80,1,21,3,2,1,0,0,0
662,2619,14561,3,Y,No,17,3,4,80,0,8,3,2,0,0,0,0
663,5679,19627,3,Y,Yes,13,3,2,80,1,10,3,3,8,7,4,7
664,15402,17997,7,Y,No,11,3,1,80,1,21,3,1,3,2,0,2
665,5985,26894,4,Y,No,11,3,2,80,0,10,1,4,2,2,0,2
666,2579,2912,1,Y,Yes,18,3,4,80,2,8,3,3,8,2,0,6
667,3041,16346,0,Y,No,11,3,2,80,1,5,3,3,4,3,0,2
669,3447,24444,1,Y,No,11,3,3,80,0,3,2,3,3,2,1,2
671,19513,9358,4,Y,Yes,12,3,1,80,1,26,2,4,2,2,0,1
675,2773,12145,0,Y,No,20,4,4,80,0,3,3,3,2,2,2,2
677,7104,20431,0,Y,No,12,3,4,80,0,6,3,3,5,0,1,2
679,6322,18089,1,Y,Yes,12,3,4,80,1,6,2,2,6,4,0,5
680,2083,22653,1,Y,No,20,4,3,80,1,1,2,3,1,0,0,0
682,8381,7507,7,Y,No,20,4,4,80,0,18,2,4,14,7,8,10
683,2691,7660,1,Y,No,12,3,4,80,1,10,4,2,10,9,8,8
684,4286,5630,2,Y,No,14,3,4,80,2,5,4,3,1,1,0,0
686,2659,17759,1,Y,Yes,13,3,3,80,1,3,2,3,3,2,0,2
689,9434,9606,1,Y,No,15,3,3,80,1,10,2,3,10,7,7,8
690,5561,3487,1,Y,No,14,3,1,80,1,6,5,2,6,0,1,2
691,6646,19368,1,Y,No,13,3,2,80,0,17,3,3,17,11,11,8
692,7725,5335,3,Y,No,23,4,3,80,1,15,2,1,13,11,4,7
698,10725,6729,2,Y,No,15,3,3,80,1,16,1,4,9,7,7,1
699,8847,13934,2,Y,Yes,11,3,3,80,1,13,2,3,3,2,0,2
700,2045,15174,0,Y,No,13,3,4,80,0,5,0,3,4,2,1,1
701,1009,26999,1,Y,Yes,11,3,4,80,0,1,5,3,1,0,1,1
702,3348,3164,1,Y,Yes,11,3,1,80,0,10,3,3,10,8,9,7
704,1281,16900,1,Y,No,18,3,3,80,2,1,3,3,1,0,0,0
705,2819,8544,2,Y,No,16,3,1,80,1,5,3,4,3,2,0,2
707,4851,15678,0,Y,No,22,4,3,80,1,4,4,3,3,2,1,2
709,4028,7791,0,Y,No,20,4,1,80,0,8,2,3,7,7,0,5
710,2720,18959,1,Y,No,18,3,4,80,1,10,5,3,10,7,2,8
712,8120,18597,3,Y,No,12,3,4,80,0,12,3,3,2,2,2,2
714,4647,16673,1,Y,Yes,20,4,2,80,2,6,3,3,6,5,0,4
715,4680,15232,3,Y,No,17,3,1,80,0,4,2,3,1,0,0,0
716,3221,3297,1,Y,Yes,11,3,3,80,3,20,3,3,20,8,3,8
717,8621,17654,1,Y,No,14,3,2,80,0,9,3,4,8,7,7,7
720,4577,24785,9,Y,No,14,3,1,80,0,4,3,3,2,2,2,0
721,4553,20978,1,Y,No,11,3,1,80,0,20,4,3,20,7,11,10
722,5396,21703,1,Y,No,12,3,4,80,0,10,2,2,10,7,0,8
723,6796,23452,3,Y,Yes,14,3,1,80,1,18,4,3,4,3,1,3
724,7625,19383,0,Y,No,13,3,3,80,0,10,4,2,9,7,1,8
725,7412,6009,1,Y,No,11,3,4,80,0,9,3,3,9,7,0,7
727,11159,19373,3,Y,No,15,3,4,80,0,10,6,3,7,7,7,7
728,4960,11825,2,Y,No,12,3,4,80,0,20,2,3,7,7,1,7
729,10475,23772,5,Y,Yes,21,4,3,80,1,20,2,3,18,13,1,12
730,14814,13514,3,Y,No,19,3,3,80,0,32,3,3,5,1,1,3
731,19141,8861,3,Y,No,15,3,2,80,3,23,2,2,21,6,12,6
732,5405,11924,8,Y,No,14,3,4,80,0,10,1,3,2,2,2,2
733,8793,4809,1,Y,No,21,4,3,80,2,9,4,2,9,7,1,7
734,19189,19562,1,Y,No,12,3,2,80,1,22,3,3,22,7,2,10
738,3875,9983,7,Y,No,15,3,4,80,1,4,2,3,2,2,2,2
741,2216,3872,7,Y,Yes,13,3,4,80,0,10,4,3,7,7,3,7
742,11713,20335,9,Y,No,14,3,1,80,1,10,2,3,8,7,0,5
743,7861,15397,4,Y,Yes,14,3,4,80,0,10,4,4,1,0,0,0
744,3708,2104,2,Y,No,14,3,3,80,0,9,5,3,5,2,1,4
746,13770,10225,9,Y,Yes,12,3,4,80,2,28,2,2,22,2,11,13
747,5304,25275,7,Y,No,23,4,4,80,1,10,2,2,8,7,7,7
749,2642,2755,1,Y,No,11,3,3,80,0,1,6,3,1,0,0,0
752,2759,20366,6,Y,Yes,12,3,4,80,0,7,2,3,2,2,2,2
754,6804,23683,3,Y,No,18,3,3,80,1,7,5,3,2,2,2,2
757,6142,7360,3,Y,No,11,3,4,80,0,10,2,3,5,1,4,3
758,2500,4344,1,Y,No,14,3,4,80,1,5,2,4,4,3,0,2
760,6389,18767,9,Y,No,15,3,3,80,1,12,3,1,8,3,3,6
762,11103,20420,7,Y,No,11,3,3,80,0,30,1,2,10,7,1,1
763,2342,22929,0,Y,Yes,20,4,4,80,0,5,2,2,4,2,2,3
764,6811,23398,8,Y,No,19,3,1,80,0,9,2,1,7,6,0,7
766,2297,17967,1,Y,No,14,3,4,80,2,2,2,3,2,2,2,2
769,2450,10919,2,Y,No,17,3,4,80,0,19,4,3,2,2,2,2
771,5093,4761,2,Y,No,11,3,1,80,1,16,2,4,1,0,0,0
772,5309,21146,1,Y,No,15,3,4,80,2,10,2,3,10,8,4,7
773,3057,20471,6,Y,Yes,13,3,2,80,1,6,0,1,1,0,0,1
775,5121,4187,3,Y,No,14,3,3,80,1,7,3,3,0,0,0,0
776,16856,10084,1,Y,No,11,3,1,80,0,34,3,4,34,6,1,16
780,2686,5207,1,Y,Yes,13,3,3,80,0,10,2,2,10,9,7,8
781,6180,22807,1,Y,No,23,4,2,80,0,6,5,2,6,5,1,4
783,6632,12388,0,Y,No,13,3,1,80,0,9,3,3,8,7,3,1
784,3505,19630,1,Y,No,18,3,4,80,0,2,3,3,2,2,0,2
785,6397,10339,4,Y,Yes,12,3,4,80,0,8,2,3,5,4,1,3
786,6274,18686,1,Y,No,22,4,3,80,0,6,5,3,6,5,1,4
787,19859,21199,5,Y,Yes,13,3,4,80,1,24,2,3,5,2,1,4
789,7587,14229,1,Y,No,15,3,2,80,0,10,1,3,10,7,0,9
791,4258,26589,0,Y,No,18,3,1,80,1,5,3,3,4,3,1,2
792,4364,5288,3,Y,No,14,3,1,80,1,5,2,3,2,2,2,0
793,4335,25549,4,Y,No,12,3,1,80,1,11,3,2,8,7,1,1
796,5326,3064,6,Y,No,17,3,3,80,0,6,2,2,4,3,1,2
797,3280,13551,2,Y,No,16,3,3,80,0,10,2,3,4,2,1,3
799,5485,22670,9,Y,Yes,11,3,2,80,2,9,4,3,5,3,1,4
800,4342,24008,0,Y,No,19,3,2,80,1,5,3,3,4,2,1,1
802,2782,19905,0,Y,Yes,13,3,2,80,2,6,3,2,5,3,4,3
803,5980,26085,6,Y,Yes,12,3,4,80,0,17,2,3,15,7,4,12
804,4381,7530,1,Y,No,11,3,3,80,0,6,3,3,6,5,1,3
805,2572,20317,1,Y,No,16,3,2,80,1,3,1,2,3,2,0,2
806,3833,24375,3,Y,No,21,4,3,80,2,7,2,3,2,2,0,2
807,4244,9931,1,Y,No,24,4,4,80,1,8,2,3,8,7,3,7
808,6500,13305,5,Y,No,17,3,2,80,1,6,1,3,3,2,1,2
809,18430,16225,1,Y,No,13,3,2,80,1,24,4,2,24,7,14,9
811,1601,3445,1,Y,Yes,21,4,3,80,2,1,2,3,0,0,0,0
812,2694,26551,1,Y,No,11,3,3,80,3,1,4,3,1,0,0,0
813,3149,21821,8,Y,No,20,4,2,80,1,9,3,3,5,2,1,4
815,17639,6881,5,Y,No,16,3,4,80,0,30,3,3,4,3,0,3
816,2319,6689,1,Y,Yes,11,3,4,80,1,1,1,3,1,0,0,0
817,11691,25995,0,Y,No,11,3,4,80,0,14,3,4,13,9,3,7
819,5324,26507,5,Y,No,15,3,3,80,0,6,3,3,3,2,0,2
820,16752,12982,1,Y,Yes,11,3,3,80,1,26,3,2,26,14,3,0
823,5228,23361,0,Y,No,15,3,1,80,1,10,2,3,9,7,0,5
824,2700,23779,1,Y,No,24,4,3,80,1,10,3,3,10,7,0,7
825,19246,25761,7,Y,Yes,12,3,4,80,0,40,2,3,31,15,13,8
826,2506,13301,3,Y,No,13,3,3,80,0,7,0,3,2,2,2,2
827,6062,4051,9,Y,Yes,13,3,4,80,1,8,4,3,4,3,0,2
828,4382,16374,6,Y,No,17,3,4,80,0,5,3,2,2,2,2,1
829,2143,25527,4,Y,No,13,3,2,80,1,8,2,3,5,2,0,4
830,6162,19124,1,Y,No,12,3,3,80,1,14,3,3,14,13,6,8
832,5094,11983,6,Y,No,14,3,4,80,0,10,6,3,1,0,0,0
833,6877,20234,5,Y,Yes,24,4,2,80,0,12,4,2,0,0,0,0
834,2274,6153,1,Y,No,14,3,4,80,0,1,3,3,1,0,0,0
836,4434,11806,1,Y,No,13,3,4,80,1,10,3,2,9,8,7,8
837,6288,4284,2,Y,No,15,3,3,80,1,13,3,2,4,3,1,2
838,2553,8306,1,Y,No,16,3,3,80,0,6,3,3,5,2,1,3
840,7654,5860,1,Y,No,18,3,1,80,2,9,3,4,9,8,7,7
842,5160,21519,4,Y,No,16,3,3,80,0,12,3,2,9,7,7,3
843,17159,5200,6,Y,No,24,4,3,80,1,22,3,3,4,1,1,0
844,12808,8842,1,Y,Yes,16,3,2,80,1,9,3,3,9,8,0,8
845,10221,18869,3,Y,No,21,4,2,80,0,17,3,4,8,5,1,6
846,4779,3698,1,Y,Yes,20,4,1,80,0,8,2,3,8,7,7,5
847,3737,2243,0,Y,No,19,3,3,80,1,4,1,1,3,2,0,2
848,2366,20898,1,Y,Yes,14,3,1,80,1,8,2,3,8,7,1,7
850,1706,16571,1,Y,No,11,3,3,80,3,0,6,2,0,0,0,0
851,16307,5594,2,Y,No,14,3,3,80,1,29,2,2,20,6,4,17
852,5933,5197,9,Y,No,12,3,4,80,0,10,2,2,5,2,2,3
854,3424,21632,7,Y,No,13,3,3,80,0,6,3,2,4,3,0,1
855,4037,21816,1,Y,No,22,4,1,80,1,9,5,3,9,8,0,8
856,2559,17852,1,Y,No,11,3,4,80,0,6,3,2,6,5,1,1
857,6201,2823,1,Y,Yes,14,3,4,80,1,18,1,2,18,14,4,11
859,4403,9250,2,Y,No,11,3,3,80,1,8,3,2,5,2,0,3
861,3761,2373,9,Y,No,12,3,2,80,1,10,3,2,5,4,0,3
862,10934,20715,7,Y,Yes,18,3,4,80,1,35,3,3,5,2,0,4
864,10761,19239,4,Y,Yes,12,3,3,80,1,18,2,3,5,4,0,2
865,5175,22162,5,Y,No,12,3,3,80,1,9,3,2,5,3,1,3
867,13826,19028,3,Y,No,22,4,3,80,0,31,3,3,9,8,0,0
868,6334,24558,4,Y,No,19,3,4,80,2,9,2,3,1,0,0,0
869,4936,23965,1,Y,No,13,3,4,80,1,6,6,3,5,1,0,4
872,4775,19146,6,Y,No,22,4,1,80,2,4,2,1,2,2,2,2
874,2818,5044,2,Y,Yes,24,4,3,80,1,10,2,2,3,2,0,2
875,2515,9068,5,Y,Yes,14,3,4,80,0,8,2,3,2,1,2,2
878,2342,8635,0,Y,No,21,4,3,80,0,6,3,3,5,4,0,3
879,4194,14363,1,Y,Yes,18,3,4,80,0,5,3,3,5,3,0,3
880,10685,23457,1,Y,Yes,20,4,2,80,1,17,2,3,17,14,5,15
881,2022,16612,1,Y,Yes,19,3,1,80,1,10,3,2,10,2,7,8
882,2314,9148,0,Y,No,12,3,2,80,1,4,2,3,3,0,0,2
885,4256,18154,1,Y,No,12,3,1,80,0,5,1,4,5,2,0,3
887,3580,10554,2,Y,No,16,3,2,80,1,7,2,3,4,2,0,2
888,3162,10778,0,Y,No,17,3,4,80,0,6,2,2,5,2,3,4
889,6524,8891,1,Y,No,14,3,4,80,1,10,3,3,10,8,5,3
893,2899,12102,0,Y,No,19,3,4,80,1,3,3,3,2,2,1,2
894,5231,23726,2,Y,Yes,13,3,2,80,1,17,1,2,5,3,1,3
895,2356,14871,3,Y,Yes,19,3,2,80,1,8,2,3,6,4,0,2
896,2800,23522,6,Y,Yes,19,3,3,80,3,5,3,3,3,2,0,2
897,11836,22789,5,Y,No,14,3,3,80,1,28,3,3,2,0,2,2
899,10903,9129,3,Y,No,16,3,1,80,0,16,2,3,13,10,4,8
900,2973,21222,5,Y,No,15,3,2,80,1,10,3,3,5,4,0,0
901,14275,20206,6,Y,No,18,3,3,80,0,33,0,3,12,9,3,8
902,5562,21782,4,Y,No,13,3,2,80,1,12,2,2,5,2,2,2
903,4537,17783,0,Y,Yes,22,4,1,80,1,8,2,3,7,6,7,7
904,7642,4814,1,Y,Yes,13,3,4,80,0,10,2,3,10,0,0,9
905,17924,4544,1,Y,No,11,3,4,80,1,31,3,3,31,6,14,7
909,5204,7790,8,Y,No,11,3,3,80,2,13,2,3,5,4,0,4
910,2277,22650,3,Y,Yes,11,3,3,80,1,7,4,4,4,3,0,3
911,2795,18016,1,Y,Yes,24,4,3,80,0,1,2,1,1,0,0,1
912,2532,6054,6,Y,No,14,3,3,80,3,8,5,3,4,3,0,3
913,2559,7508,1,Y,Yes,13,3,4,80,0,8,0,3,8,7,7,1
916,4908,24252,1,Y,No,14,3,2,80,0,4,3,3,4,2,0,2
918,2380,13384,9,Y,Yes,14,3,4,80,1,3,3,2,1,0,0,0
920,4765,23814,4,Y,No,21,4,3,80,1,4,2,4,1,0,0,0
922,2044,22052,1,Y,No,13,3,4,80,0,2,3,2,2,2,0,2
923,2693,8870,1,Y,No,19,3,1,80,0,1,3,2,1,0,0,0
924,6586,4821,0,Y,Yes,17,3,1,80,1,17,2,2,16,8,4,11
925,3294,13137,1,Y,Yes,18,3,1,80,0,3,3,2,3,2,1,2
926,4171,10022,0,Y,Yes,19,3,1,80,1,4,3,4,3,2,0,2
927,2778,17725,4,Y,Yes,13,3,3,80,1,10,1,2,7,7,1,0
930,2377,9834,5,Y,No,18,3,2,80,1,6,2,3,2,2,2,2
932,2404,4303,7,Y,Yes,21,4,4,80,0,8,2,1,2,2,2,2
933,2318,17808,1,Y,No,19,3,3,80,0,1,2,3,1,1,0,0
934,2008,6896,1,Y,No,14,3,2,80,2,1,3,3,1,0,1,0
936,6244,7824,7,Y,No,17,3,1,80,0,10,6,3,5,4,0,3
939,2799,3339,3,Y,Yes,11,3,2,80,0,6,1,3,3,2,0,2
940,10552,9255,2,Y,Yes,13,3,4,80,1,24,3,3,6,0,0,4
941,2329,11737,3,Y,No,15,3,2,80,0,13,2,4,7,7,5,2
942,4014,19170,1,Y,Yes,25,4,4,80,1,10,2,1,10,6,0,7
944,7403,22477,4,Y,No,11,3,3,80,1,29,3,2,26,9,1,7
945,2259,5543,4,Y,No,17,3,1,80,2,13,2,2,0,0,0,0
947,6932,24406,1,Y,No,13,3,4,80,1,9,2,2,9,8,0,0
949,4678,23293,2,Y,No,18,3,3,80,0,8,6,3,6,2,0,1
950,13582,16292,1,Y,No,13,3,2,80,1,15,3,3,15,12,5,11
951,2332,3974,6,Y,No,20,4,3,80,0,5,3,3,3,0,0,2
952,2413,18798,1,Y,Yes,18,3,3,80,3,1,2,3,1,0,0,0
954,9705,20652,2,Y,No,12,3,2,80,1,11,2,2,1,0,0,0
956,4294,11148,1,Y,No,12,3,2,80,0,7,2,3,7,7,0,7
957,4721,3119,2,Y,Yes,13,3,3,80,0,20,3,3,18,13,2,17
958,2519,12287,4,Y,No,21,4,3,80,0,16,6,3,11,8,3,9
959,2121,9947,1,Y,Yes,13,3,2,80,0,1,3,4,1,0,0,0
960,2973,13008,1,Y,No,19,3,2,80,0,1,2,3,1,0,0,0
961,5855,17369,0,Y,Yes,11,3,3,80,2,10,2,1,9,7,8,5
964,3617,25063,8,Y,Yes,14,3,4,80,1,3,2,3,1,1,0,0
966,6725,13554,1,Y,No,12,3,3,80,1,8,2,4,8,7,6,3
967,10325,5518,1,Y,Yes,11,3,1,80,1,16,6,3,16,7,3,7
969,6949,12291,0,Y,No,14,3,1,80,0,6,3,3,5,0,1,4
970,10609,14922,5,Y,No,11,3,3,80,0,17,2,1,14,1,11,7
972,4447,23163,1,Y,No,12,3,2,80,0,9,5,2,9,7,0,8
974,2157,18203,1,Y,No,15,3,2,80,1,3,5,3,3,1,0,2
975,4601,6179,1,Y,No,16,3,2,80,0,5,3,3,5,2,1,0
976,17099,13829,2,Y,No,15,3,2,80,1,26,2,2,9,8,7,8
977,2479,26227,4,Y,No,24,4,1,80,0,7,4,3,1,0,0,0
981,14852,13938,6,Y,No,13,3,3,80,1,22,3,4,17,13,15,2
982,7264,9977,5,Y,No,11,3,1,80,1,10,2,4,8,4,7,7
983,5666,19899,1,Y,Yes,13,3,2,80,0,6,1,3,5,3,1,3
984,7823,6812,6,Y,No,13,3,2,80,1,12,2,3,10,9,0,8
985,7880,2560,0,Y,No,18,3,4,80,0,9,3,3,8,7,0,7
986,13194,17071,4,Y,Yes,16,3,4,80,0,22,2,2,1,0,0,0
987,5067,6759,1,Y,Yes,19,3,3,80,0,20,3,4,19,10,2,7
990,5079,25952,4,Y,No,13,3,4,80,2,12,3,3,7,7,0,7
991,2321,10322,0,Y,Yes,22,4,1,80,0,4,0,3,3,2,1,2
992,17444,20489,1,Y,No,11,3,4,80,0,10,2,3,10,8,6,0
994,2404,11479,6,Y,Yes,20,4,3,80,0,3,5,3,0,0,0,0
995,3452,17241,3,Y,No,18,3,1,80,0,5,4,3,3,2,0,2
996,2270,11005,3,Y,No,14,3,4,80,2,8,2,3,5,3,0,2
997,17399,6615,9,Y,No,22,4,3,80,1,32,1,2,5,4,1,3
998,5488,20161,1,Y,Yes,13,3,1,80,1,6,2,3,6,5,1,2
999,19419,3735,2,Y,No,17,3,2,80,1,21,2,4,18,16,0,11
1001,2811,12086,9,Y,No,14,3,2,80,1,4,2,3,2,2,2,2
1002,3633,14039,1,Y,Yes,15,3,3,80,1,9,2,3,9,8,0,8
1003,4163,8571,1,Y,Yes,17,3,3,80,0,9,0,3,9,0,0,7
1004,2132,11539,4,Y,Yes,11,3,2,80,0,7,2,3,5,2,0,1
1005,13973,4161,3,Y,Yes,18,3,4,80,1,22,2,3,12,11,1,5
1006,2684,12127,0,Y,No,17,3,2,80,1,3,0,2,2,1,0,2
1007,10845,24208,6,Y,No,13,3,2,80,1,13,3,3,8,7,0,7
1009,4377,24117,1,Y,No,15,3,2,80,2,5,6,3,4,2,3,2
1010,3743,10074,1,Y,Yes,24,4,4,80,1,5,2,1,4,2,0,2
1011,4148,11275,1,Y,No,12,3,3,80,1,4,1,3,4,3,0,3
1012,1051,13493,1,Y,No,15,3,4,80,0,0,2,3,0,0,0,0
1013,10739,13943,8,Y,No,11,3,3,80,1,22,2,3,10,7,0,8
1014,10388,6975,1,Y,Yes,11,3,3,80,1,16,3,2,16,10,10,1
1015,11416,17802,0,Y,Yes,12,3,3,80,3,9,4,2,8,7,1,7
1016,2600,18275,1,Y,Yes,15,3,1,80,0,1,2,3,1,0,0,0
1017,2422,25725,0,Y,No,17,3,1,80,0,4,3,3,3,2,1,2
1018,5472,3334,1,Y,No,12,3,2,80,0,8,2,3,8,7,1,3
1019,2451,6881,1,Y,No,15,3,1,80,1,4,3,2,4,3,1,1
1022,4240,13119,2,Y,No,13,3,4,80,0,19,0,3,2,2,2,2
1024,10999,22245,7,Y,No,14,3,2,80,0,27,3,3,15,11,4,8
1025,5003,23371,6,Y,No,14,3,2,80,0,8,6,3,2,2,2,1
1026,12742,7060,1,Y,No,16,3,3,80,1,21,3,3,21,6,11,8
1027,4227,4658,0,Y,No,18,3,2,80,1,4,2,3,3,2,2,2
1028,3917,9541,1,Y,No,20,4,1,80,1,3,4,2,3,2,1,2
1029,18303,7770,6,Y,No,13,3,2,80,0,21,3,4,1,0,0,0
1030,2380,20165,4,Y,No,18,3,2,80,0,8,5,3,1,0,0,0
1032,13726,21829,3,Y,Yes,13,3,1,80,0,30,4,3,5,3,4,3
1033,4777,14382,5,Y,No,15,3,1,80,0,15,2,1,1,0,0,0
1034,6385,12992,3,Y,Yes,14,3,4,80,2,17,3,3,8,7,6,7
1035,19973,20284,1,Y,No,22,4,2,80,2,21,3,3,21,16,5,10
1036,6861,4981,8,Y,Yes,12,3,3,80,0,19,1,3,1,0,0,0
1037,4969,21813,8,Y,No,18,3,4,80,0,7,6,3,2,2,2,2
1038,19845,25846,1,Y,No,15,3,4,80,1,33,3,3,32,14,6,9
1039,13320,11737,3,Y,Yes,18,3,3,80,1,23,2,3,12,11,11,11
1040,6347,24920,0,Y,No,12,3,1,80,1,19,3,3,18,7,0,13
1042,2743,8269,1,Y,No,16,3,3,80,0,18,1,3,17,13,15,14
1043,10880,5083,1,Y,Yes,13,3,3,80,0,21,2,3,21,6,2,8
1044,2342,21437,0,Y,No,19,3,4,80,0,3,2,2,2,2,2,2
1045,17650,5404,3,Y,No,13,3,2,80,1,26,4,4,9,3,1,1
1046,4025,11135,9,Y,No,12,3,2,80,0,10,2,3,8,7,7,7
1047,9725,12278,0,Y,No,11,3,4,80,1,16,2,2,15,1,0,9
1048,11904,11038,3,Y,Yes,14,3,3,80,1,14,1,1,6,4,0,4
1049,2177,8318,1,Y,No,16,3,1,80,0,6,3,3,6,3,0,4
1050,7525,23537,2,Y,No,12,3,1,80,1,30,2,3,15,7,6,12
1052,4834,7858,7,Y,No,14,3,2,80,1,9,3,2,1,0,0,0
1053,2042,15346,6,Y,Yes,14,3,2,80,1,6,2,3,3,2,1,2
1055,2220,18410,1,Y,Yes,19,3,4,80,1,1,2,3,1,1,0,0
1056,1052,23384,1,Y,No,22,4,2,80,0,1,5,3,1,0,0,0
1060,2821,2997,3,Y,No,16,3,1,80,1,8,2,3,2,2,2,2
1061,19237,12853,2,Y,Yes,11,3,4,80,1,29,2,2,8,1,7,7
1062,4107,13848,3,Y,No,15,3,1,80,0,8,3,2,4,3,0,1
1066,8396,22217,1,Y,No,14,3,2,80,1,8,3,2,7,7,7,5
1068,2007,25265,1,Y,No,13,3,3,80,2,5,5,3,5,3,1,3
1069,19627,21445,9,Y,No,17,3,4,80,2,23,0,3,2,2,2,2
1070,10686,8392,6,Y,No,11,3,2,80,1,13,4,3,9,4,7,0
1071,2942,12154,2,Y,No,19,3,2,80,1,18,4,3,5,4,0,3
1073,8858,15669,0,Y,No,11,3,2,80,0,15,2,2,14,8,7,8
1074,16756,17323,7,Y,No,15,3,2,80,0,31,3,4,9,7,6,2
1076,10798,5268,5,Y,No,13,3,3,80,1,18,5,3,1,0,0,0
1077,2323,17205,1,Y,Yes,14,3,2,80,0,2,3,3,2,2,0,2
1079,1416,17258,1,Y,No,13,3,1,80,0,1,6,2,1,0,1,0
1080,4615,21029,8,Y,Yes,23,4,1,80,3,19,2,3,16,13,1,7
1081,2461,10332,9,Y,Yes,12,3,3,80,3,18,2,4,10,0,2,7
1082,8722,12355,1,Y,No,12,3,1,80,0,10,2,2,10,7,1,9
1083,3955,11141,1,Y,No,16,3,1,80,2,6,2,3,5,3,1,3
1084,9957,9096,0,Y,No,15,3,3,80,1,7,1,2,6,2,0,2
1085,3376,18863,1,Y,No,13,3,3,80,0,10,3,3,10,6,0,8
1088,8823,24608,0,Y,No,18,3,1,80,1,20,4,2,19,9,1,9
1092,10322,26542,4,Y,No,20,4,4,80,1,14,6,3,11,10,11,1
1094,4621,5869,1,Y,No,19,3,4,80,3,3,4,3,3,2,1,2
1096,10976,15813,3,Y,No,18,3,2,80,1,23,4,3,3,2,1,2
1097,3660,7909,3,Y,No,13,3,4,80,0,10,4,4,8,7,1,7
1098,10482,2326,9,Y,No,14,3,4,80,1,24,1,3,20,6,3,6
1099,7119,21214,4,Y,No,15,3,3,80,1,9,2,3,3,2,1,2
1100,9582,10333,0,Y,Yes,22,4,1,80,0,9,2,3,8,7,4,7
1101,4508,3129,1,Y,No,22,4,2,80,0,14,4,3,13,7,3,8
1102,2207,22482,1,Y,No,16,3,4,80,1,4,5,2,4,2,2,2
1103,7756,22266,0,Y,No,17,3,3,80,0,7,1,2,6,2,0,4
1105,6694,24223,2,Y,Yes,14,3,3,80,3,8,5,3,1,0,0,0
1106,3691,4605,1,Y,Yes,15,3,2,80,1,7,3,4,7,7,5,6
1107,2377,19373,1,Y,No,20,4,3,80,1,1,0,2,1,1,0,0
1108,2313,2993,4,Y,Yes,20,4,2,80,0,5,0,3,2,2,2,2
1109,17665,14399,0,Y,No,17,3,4,80,1,23,3,3,22,6,13,7
1111,2596,7160,1,Y,No,15,3,1,80,2,1,2,3,1,0,0,0
1113,4728,17251,3,Y,Yes,14,3,4,80,0,5,4,3,0,0,0,0
1114,4302,13401,0,Y,No,17,3,3,80,1,4,3,3,3,2,0,2
1115,2979,22478,3,Y,No,17,3,4,80,3,6,2,3,0,0,0,0
1116,16885,16154,2,Y,No,22,4,3,80,0,27,3,2,5,4,2,1
1117,5593,17970,1,Y,No,13,3,4,80,1,15,2,3,15,10,4,12
1118,10445,15322,7,Y,No,19,3,4,80,0,18,4,3,8,6,4,0
1119,8740,5569,0,Y,Yes,14,3,2,80,2,9,2,3,8,7,2,7
1120,2514,26968,4,Y,No,22,4,1,80,1,11,1,3,7,5,1,7
1121,7655,8039,0,Y,No,17,3,2,80,3,10,3,2,9,7,1,7
1124,17465,15596,3,Y,No,12,3,4,80,1,23,3,3,12,9,4,9
1125,7351,20619,7,Y,No,16,3,3,80,0,10,2,3,1,0,0,0
1126,10820,11535,8,Y,No,11,3,3,80,1,18,1,3,8,7,0,1
1127,12169,13547,7,Y,No,11,3,4,80,3,21,4,3,18,7,11,5
1128,19626,17544,1,Y,No,14,3,1,80,0,21,2,4,20,7,4,9
1131,2070,25326,1,Y,Yes,11,3,3,80,0,2,6,4,2,2,2,2
1132,6782,8770,9,Y,No,15,3,3,80,0,9,2,2,5,4,0,3
1133,7779,23238,2,Y,No,20,4,1,80,0,18,0,3,11,9,0,9
1135,2791,21981,0,Y,No,12,3,1,80,1,3,4,3,2,2,2,2
1136,3201,19911,0,Y,No,17,3,1,80,0,6,2,1,5,3,0,4
1137,4968,18500,1,Y,No,11,3,4,80,1,5,3,3,5,2,0,2
1138,13120,11879,6,Y,No,17,3,2,80,1,22,3,3,9,8,2,3
1140,4033,15834,2,Y,No,11,3,4,80,0,5,3,2,3,2,0,2
1143,3291,17940,0,Y,No,14,3,4,80,2,8,2,2,7,5,1,1
1148,4272,9558,4,Y,No,19,3,1,80,0,16,3,3,1,0,0,0
1150,5056,17689,1,Y,Yes,15,3,3,80,1,10,2,2,10,7,1,2
1152,2844,6004,1,Y,No,13,3,4,80,1,7,2,4,7,6,5,0
1154,2703,22088,1,Y,Yes,14,3,4,80,1,3,2,3,3,1,0,2
1156,1904,13556,1,Y,No,12,3,4,80,0,0,0,3,0,0,0,0
1157,8224,18385,0,Y,Yes,17,3,1,80,0,6,3,3,5,2,0,3
1158,4766,9051,3,Y,Yes,11,3,1,80,1,6,4,3,1,0,0,0
1160,2610,6233,1,Y,No,12,3,3,80,1,2,5,2,2,2,2,2
1161,5731,17171,7,Y,No,13,3,3,80,2,9,2,3,6,2,1,3
1162,2539,7950,1,Y,No,13,3,3,80,1,4,0,3,4,2,2,2
1163,5714,5829,1,Y,No,20,4,1,80,0,6,3,2,6,5,1,3
1164,4323,7108,1,Y,No,17,3,2,80,0,6,2,1,5,4,1,4
1165,7336,11162,1,Y,No,13,3,1,80,1,11,3,1,11,8,3,10
1166,13499,13782,9,Y,No,17,3,3,80,0,20,3,2,18,7,2,13
1167,13758,2447,0,Y,Yes,12,3,2,80,0,22,2,2,21,9,13,14
1171,5155,2253,7,Y,No,13,3,4,80,0,9,3,4,6,4,1,5
1172,2258,16340,6,Y,No,12,3,2,80,1,10,2,3,8,0,1,7
1173,3597,6409,8,Y,No,22,4,4,80,0,6,2,3,4,3,1,2
1175,2515,22955,1,Y,Yes,11,3,4,80,0,1,4,2,1,1,0,0
1177,4420,13421,1,Y,No,22,4,2,80,1,8,2,3,8,7,0,7
1179,6578,2706,1,Y,No,18,3,1,80,1,10,3,3,10,3,1,4
1180,4422,21203,3,Y,Yes,13,3,4,80,1,16,3,1,1,1,0,0
1182,10274,19588,2,Y,No,18,3,2,80,1,15,2,4,7,7,6,4
1184,5343,25755,0,Y,No,20,4,3,80,0,14,3,3,13,9,4,9
1185,2376,26537,1,Y,No,13,3,2,80,1,2,2,4,2,2,2,2
1188,5346,9489,8,Y,No,13,3,2,80,0,7,2,2,4,3,1,3
1190,2827,14947,1,Y,No,12,3,3,80,3,1,3,3,1,0,0,0
1191,19943,18575,4,Y,No,13,3,4,80,1,28,2,3,5,2,4,2
1192,3131,26342,1,Y,No,13,3,1,80,1,10,5,3,10,8,0,8
1193,2552,7172,1,Y,No,25,4,3,80,0,1,4,3,1,1,0,0
1195,4477,20100,4,Y,Yes,19,3,3,80,1,7,2,2,3,2,0,2
1196,6474,9961,1,Y,No,13,3,2,80,1,14,2,2,14,8,3,11
1198,3033,12828,1,Y,No,12,3,1,80,0,2,2,2,2,2,1,2
1200,2936,10826,1,Y,Yes,11,3,3,80,0,6,4,3,6,4,0,2
1201,18606,18640,3,Y,No,18,3,2,80,1,26,6,3,7,7,4,7
1202,2168,26933,0,Y,Yes,18,3,1,80,1,6,2,2,5,4,1,3
1203,2853,4223,0,Y,Yes,11,3,2,80,1,1,5,3,0,0,0,0
1204,17048,24097,8,Y,No,23,4,1,80,0,28,2,3,26,15,15,9
1206,2290,4279,2,Y,No,13,3,4,80,0,6,3,3,0,0,0,0
1207,3600,8429,1,Y,No,13,3,4,80,1,5,2,3,5,4,1,4
1210,2107,20293,6,Y,No,17,3,1,80,1,5,2,1,1,0,0,0
1211,4115,13192,8,Y,No,19,3,3,80,3,8,3,3,4,3,0,3
1212,4327,25440,5,Y,No,12,3,4,80,3,5,2,3,0,0,0,0
1215,17856,9490,2,Y,No,22,4,3,80,1,32,3,3,2,2,2,2
1216,3196,12449,1,Y,No,12,3,3,80,3,6,2,3,6,5,3,3
1217,19081,10849,5,Y,No,11,3,1,80,1,25,2,3,4,2,0,3
1218,8966,21026,3,Y,Yes,15,3,4,80,3,15,2,3,7,7,1,7
1219,2210,3372,1,Y,No,13,3,1,80,1,1,3,1,1,0,0,0
1220,4539,4905,1,Y,No,12,3,1,80,1,10,3,2,10,7,0,1
1221,2741,6865,1,Y,No,14,3,3,80,1,7,4,3,7,7,1,7
1224,3491,11309,1,Y,No,13,3,1,80,3,10,4,2,10,7,8,9
1225,4541,7744,1,Y,No,25,4,2,80,0,20,3,3,20,11,13,17
1226,2678,5050,1,Y,No,17,3,4,80,0,2,2,3,2,1,2,2
1228,7379,17433,2,Y,No,11,3,3,80,1,12,3,2,6,3,1,4
1231,6272,12858,7,Y,No,16,3,1,80,1,10,3,4,4,3,0,3
1233,5220,10893,0,Y,Yes,18,3,2,80,1,12,3,3,11,7,1,9
1234,2743,7331,1,Y,No,20,4,3,80,1,2,2,3,2,2,2,2
1235,4998,2338,4,Y,Yes,14,3,4,80,0,10,2,3,8,7,0,7
1237,10252,4235,2,Y,Yes,21,4,3,80,1,17,2,3,7,7,7,7
1238,2781,6311,0,Y,No,13,3,2,80,1,15,5,3,14,10,4,10
1239,6852,11591,7,Y,No,12,3,2,80,1,7,2,4,5,1,1,3
1240,4950,20623,0,Y,No,14,3,2,80,0,5,4,3,4,3,1,1
1241,3579,9369,0,Y,Yes,21,4,1,80,1,12,2,3,11,9,5,7
1242,13191,23281,3,Y,Yes,17,3,3,80,0,20,6,3,1,0,0,0
1243,10377,13755,4,Y,Yes,11,3,2,80,1,16,6,2,13,2,4,12
1244,2235,14377,1,Y,Yes,14,3,4,80,2,9,3,2,9,7,6,8
1245,10502,9659,7,Y,No,17,3,1,80,1,33,2,1,5,4,1,4
1246,2011,19982,1,Y,No,13,3,4,80,1,10,5,3,10,5,7,7
1248,1859,6148,1,Y,Yes,25,4,2,80,0,1,2,4,1,1,0,0
1249,3760,5598,1,Y,No,15,3,1,80,3,3,5,3,3,2,1,2
1250,17779,23474,3,Y,No,14,3,1,80,0,36,2,3,10,9,0,9
1251,6833,17089,1,Y,Yes,12,3,4,80,0,6,2,2,6,5,0,1
1252,6812,17198,1,Y,No,19,3,2,80,0,10,2,3,10,9,1,8
1254,5171,16490,5,Y,No,17,3,4,80,0,13,2,3,6,1,0,5
1255,19740,18625,3,Y,No,14,3,2,80,1,25,2,3,8,7,0,7
1256,18711,12124,2,Y,No,13,3,3,80,1,23,2,4,1,0,0,0
1257,3692,9256,1,Y,No,12,3,3,80,0,12,2,2,11,10,0,7
1258,2559,16620,5,Y,No,11,3,3,80,0,7,4,2,1,0,0,0
1259,2517,3208,1,Y,No,11,3,2,80,3,5,2,3,5,3,0,3
1260,6623,4204,1,Y,Yes,11,3,2,80,2,6,2,3,6,0,1,0
1263,18265,8733,6,Y,No,12,3,3,80,0,25,3,4,1,0,0,0
1264,16124,3423,3,Y,No,14,3,2,80,2,9,2,2,7,7,1,7
1265,2585,21643,0,Y,No,17,3,4,80,0,2,5,2,1,0,0,0
1267,18213,8751,7,Y,No,11,3,3,80,1,26,5,3,22,9,3,10
1268,8380,21708,0,Y,Yes,14,3,4,80,2,10,3,3,9,8,0,8
1269,2994,21221,1,Y,Yes,12,3,4,80,0,1,2,3,1,0,0,1
1270,1223,16901,1,Y,No,22,4,4,80,1,1,2,3,1,0,0,1
1273,1118,8040,1,Y,Yes,14,3,4,80,0,1,4,3,1,0,1,0
1275,2875,9973,1,Y,Yes,20,4,2,80,0,8,2,2,8,5,2,2
1277,18824,2493,2,Y,Yes,16,3,1,80,0,26,2,3,24,10,1,11
1278,13577,25592,1,Y,Yes,15,3,4,80,1,34,3,3,33,9,15,0
1279,2625,25308,1,Y,No,20,4,3,80,0,2,2,1,2,2,2,2
1280,18789,9946,2,Y,No,14,3,3,80,1,26,2,3,11,4,0,8
1281,4538,6039,0,Y,Yes,12,3,4,80,0,4,3,3,3,2,0,2
1282,19847,19196,4,Y,Yes,24,4,1,80,1,31,5,2,29,10,11,10
1283,10512,20002,6,Y,No,12,3,4,80,0,25,6,2,9,7,5,4
1285,4444,22534,4,Y,No,13,3,3,80,2,15,2,4,11,8,5,10
1286,2154,6842,0,Y,Yes,11,3,3,80,0,5,2,2,4,2,0,2
1288,19190,17477,1,Y,No,14,3,4,80,2,26,4,2,25,9,14,13
1289,4490,21833,4,Y,No,11,3,4,80,2,14,5,4,10,9,1,8
1291,3506,6020,0,Y,Yes,14,3,4,80,0,4,3,3,3,2,2,2
1292,2372,5628,6,Y,Yes,16,3,4,80,0,18,2,3,1,0,0,0
1293,10231,20364,3,Y,No,14,3,4,80,0,23,3,4,21,7,15,17
1294,5410,2323,9,Y,Yes,11,3,4,80,0,18,2,3,16,14,5,12
1295,7978,14075,1,Y,No,11,3,4,80,1,10,2,3,10,7,0,5
1296,3867,14222,1,Y,Yes,12,3,2,80,1,2,2,3,2,2,2,2
1297,2838,4257,0,Y,No,14,3,2,80,0,8,6,2,7,0,7,7
1298,4695,12858,7,Y,Yes,18,3,3,80,0,10,3,3,8,4,1,7
1299,3339,17285,3,Y,Yes,13,3,1,80,2,10,2,3,7,7,7,7
1301,2080,4732,2,Y,No,11,3,2,80,0,5,2,2,3,2,1,2
1303,2096,18830,1,Y,No,18,3,4,80,0,2,3,2,2,2,2,1
1304,6209,11693,1,Y,No,15,3,3,80,2,10,4,4,10,7,0,8
1306,18061,13035,3,Y,No,22,4,3,80,0,22,4,3,0,0,0,0
1307,17123,17334,6,Y,Yes,13,3,4,80,2,21,4,3,19,9,15,2
1308,2372,26076,1,Y,No,12,3,4,80,2,2,3,3,2,2,2,2
1309,4883,22845,1,Y,No,18,3,1,80,1,10,3,3,10,4,1,1
1310,3904,22154,0,Y,No,13,3,1,80,0,6,2,3,5,2,0,3
1311,4627,23631,0,Y,No,12,3,1,80,1,10,6,3,9,2,6,7
1312,7094,5747,3,Y,No,12,3,1,80,0,10,0,3,7,7,1,7
1314,3423,22957,6,Y,No,12,3,3,80,0,10,3,4,7,6,5,7
1315,6674,16392,0,Y,No,11,3,1,80,3,10,6,3,9,8,7,5
1317,16880,22422,4,Y,Yes,11,3,2,80,0,25,2,3,3,2,1,2
1318,9094,17235,2,Y,Yes,12,3,3,80,0,9,2,3,5,4,1,0
1319,8446,21534,9,Y,Yes,19,3,3,80,0,10,2,2,8,7,7,7
1321,11916,25927,1,Y,Yes,23,4,4,80,2,9,2,3,9,1,0,8
1322,4534,13352,0,Y,No,11,3,1,80,0,9,6,3,8,7,1,7
1324,9852,8935,1,Y,Yes,19,3,1,80,1,10,5,2,10,8,9,6
1329,6151,22074,1,Y,No,13,3,1,80,0,19,4,3,19,2,11,9
1331,2302,8319,1,Y,Yes,11,3,1,80,0,3,2,4,3,2,2,2
1333,2362,14669,4,Y,No,12,3,3,80,0,10,4,4,3,2,1,2
1334,17861,26582,0,Y,Yes,13,3,4,80,0,21,3,2,20,8,2,10
1336,19187,6992,4,Y,No,14,3,4,80,1,23,5,3,19,9,9,11
1338,19717,4022,6,Y,No,14,3,1,80,0,36,4,3,7,3,7,7
1340,3544,8532,9,Y,No,16,3,2,80,1,6,0,3,4,2,0,0
1344,8500,5494,0,Y,No,11,3,4,80,1,10,0,2,9,7,1,6
1346,4661,22455,1,Y,No,13,3,3,80,0,9,4,3,9,8,8,8
1349,4103,4297,0,Y,No,17,3,4,80,1,10,2,3,9,3,1,7
1350,4249,2690,1,Y,Yes,11,3,2,80,0,9,3,3,9,6,1,1
1352,14026,17588,1,Y,Yes,11,3,2,80,1,33,2,3,33,9,0,10
1355,6893,19461,3,Y,No,15,3,4,80,1,11,3,3,7,7,1,7
1356,6125,23553,1,Y,No,12,3,4,80,0,10,6,4,10,8,9,6
1358,3669,9075,3,Y,No,11,3,3,80,3,7,6,2,3,2,1,2
1360,10008,12023,7,Y,Yes,14,3,4,80,0,31,0,2,10,9,5,9
1361,2387,6762,3,Y,No,22,4,3,80,1,7,3,3,4,2,0,3
1362,4639,2261,2,Y,No,16,3,4,80,1,17,2,2,15,7,6,13
1363,7898,18706,1,Y,No,11,3,3,80,0,11,2,3,10,9,0,8
1364,2534,6527,8,Y,No,14,3,2,80,1,5,4,3,1,0,0,0
1367,13142,24439,3,Y,No,16,3,2,80,0,29,1,2,5,2,0,3
1368,1611,19305,1,Y,No,15,3,3,80,0,0,5,4,0,0,0,0
1369,5363,10846,0,Y,No,12,3,2,80,1,10,0,3,9,7,0,0
1371,5071,20392,3,Y,No,20,4,2,80,0,8,3,3,6,2,0,0
1372,13695,9277,6,Y,Yes,17,3,3,80,0,24,2,2,19,7,3,8
1373,13402,18235,4,Y,Yes,12,3,1,80,1,33,0,3,19,16,15,9
1374,2029,15891,1,Y,No,20,4,3,80,3,5,2,3,5,4,0,0
1375,6377,13888,5,Y,No,20,4,2,80,3,15,0,3,12,11,11,8
1377,5429,17491,4,Y,No,13,3,1,80,2,10,1,3,8,7,7,7
1379,2785,11882,7,Y,No,14,3,3,80,0,3,3,4,1,0,0,0
1380,4614,23288,0,Y,Yes,18,3,3,80,1,5,0,2,4,2,3,2
1382,2610,15748,1,Y,No,11,3,4,80,3,4,2,3,4,2,0,3
1383,6687,6163,1,Y,No,11,3,4,80,0,14,2,4,14,11,4,11
1387,4724,24232,1,Y,No,11,3,3,80,1,5,0,3,5,3,0,4
1389,6179,21057,1,Y,Yes,15,3,4,80,2,10,3,2,10,2,6,7
1390,6120,3567,3,Y,Yes,12,3,4,80,2,8,2,4,5,4,1,4
1391,10596,15395,2,Y,No,11,3,2,80,0,14,5,3,4,2,3,2
1392,5467,13953,3,Y,Yes,14,3,1,80,2,12,4,2,6,2,3,3
1394,2996,5182,7,Y,Yes,15,3,4,80,0,8,2,3,6,4,1,3
1395,9998,19293,6,Y,No,13,3,1,80,0,8,2,4,5,4,1,2
1396,4078,20497,0,Y,Yes,13,3,1,80,3,4,3,2,3,2,1,2
1397,10920,3449,3,Y,No,21,4,2,80,1,13,2,3,6,4,0,5
1399,6232,12477,2,Y,No,11,3,2,80,0,6,3,2,3,2,1,2
1401,13247,9731,2,Y,Yes,11,3,2,80,1,24,3,2,5,3,0,2
1402,4081,20003,1,Y,Yes,14,3,1,80,0,20,3,1,20,7,1,8
1403,5769,7100,1,Y,Yes,11,3,4,80,0,6,3,3,6,2,4,4
1405,2394,25681,1,Y,Yes,13,3,4,80,0,8,2,3,8,2,7,7
1407,3904,4050,0,Y,No,12,3,4,80,0,5,2,3,4,3,1,1
1408,16799,16616,0,Y,No,14,3,3,80,1,21,5,3,20,7,0,9
1409,2950,17363,9,Y,No,13,3,3,80,0,12,2,1,5,4,0,4
1411,3629,19106,4,Y,No,18,3,1,80,0,8,6,3,3,2,0,2
1412,9362,19944,2,Y,No,11,3,3,80,0,10,2,3,2,2,2,2
1415,3229,4910,4,Y,No,11,3,2,80,1,7,2,2,3,2,0,2
1417,3578,23577,0,Y,No,12,3,4,80,0,8,2,3,7,7,0,7
1419,7988,9769,1,Y,No,13,3,1,80,0,10,3,2,10,9,0,9
1420,4284,22710,3,Y,No,20,4,1,80,0,20,2,3,4,3,1,3
1421,7553,22930,0,Y,Yes,12,3,1,80,0,9,1,3,8,7,7,7
1422,17328,5652,6,Y,No,19,3,4,80,0,29,3,2,20,7,12,7
1423,19701,22456,3,Y,Yes,21,4,3,80,1,32,3,3,9,8,1,5
1424,14732,12414,2,Y,No,13,3,4,80,2,31,4,4,7,7,0,0
1425,9278,20763,3,Y,Yes,16,3,4,80,0,15,3,3,5,4,0,1
1427,1359,16154,1,Y,No,12,3,2,80,0,1,3,3,1,0,0,0
1428,4779,12761,7,Y,No,14,3,2,80,2,8,3,3,3,2,0,2
1430,16422,8847,3,Y,No,11,3,3,80,0,9,3,4,3,2,1,0
1431,2996,20284,5,Y,No,14,3,3,80,2,10,2,3,4,3,1,3
1433,1261,22262,1,Y,No,12,3,3,80,0,1,3,4,1,0,0,0
1434,2099,7679,0,Y,No,14,3,2,80,0,6,3,4,5,0,1,4
1435,5810,22604,1,Y,No,16,3,3,80,0,10,2,2,10,4,1,8
1436,5647,13494,4,Y,No,13,3,1,80,2,11,3,2,3,2,0,2
1438,3420,10205,7,Y,No,12,3,3,80,1,17,2,2,6,5,1,2
1439,4400,15182,3,Y,No,12,3,1,80,0,6,2,3,3,2,2,2
1440,3500,25470,0,Y,No,14,3,1,80,0,7,2,1,6,5,1,3
1441,2066,10494,2,Y,No,22,4,4,80,1,5,3,4,3,2,1,0
1443,17169,26703,3,Y,No,19,3,2,80,2,26,2,4,20,17,5,6
1445,4162,15211,1,Y,Yes,12,3,3,80,2,5,3,3,5,4,0,3
1446,9204,23343,4,Y,No,12,3,3,80,1,7,3,2,4,3,0,3
1447,3294,3708,5,Y,No,17,3,1,80,1,7,2,2,5,4,0,2
1448,2127,5561,2,Y,Yes,12,3,1,80,0,7,5,2,4,2,0,3
1449,3975,23099,3,Y,No,11,3,3,80,2,11,2,4,8,7,0,7
1453,10793,8386,1,Y,No,18,3,1,80,1,13,5,3,13,7,9,9
1457,10096,15986,4,Y,No,11,3,1,80,1,28,1,4,7,7,4,3
1458,3646,17181,2,Y,Yes,23,4,2,80,0,11,2,4,1,0,0,0
1459,7446,8931,1,Y,No,11,3,1,80,0,10,2,3,10,8,4,7
1460,10851,19863,2,Y,Yes,18,3,2,80,1,24,2,3,7,7,0,7
1461,2109,24609,9,Y,No,18,3,4,80,0,8,3,3,3,2,0,2
1464,3722,21081,6,Y,Yes,13,3,3,80,1,7,2,1,2,2,2,2
1465,9380,14720,4,Y,Yes,18,3,4,80,2,10,4,4,3,1,1,2
1466,5486,24795,4,Y,No,11,3,1,80,3,15,3,3,2,2,2,2
1467,2742,3072,1,Y,No,15,3,4,80,0,2,0,3,2,2,2,2
1468,13757,25178,2,Y,No,11,3,3,80,1,16,5,3,9,8,4,8
1469,8463,23490,0,Y,No,18,3,4,80,0,6,4,3,5,4,1,3
1471,3162,7973,3,Y,No,14,3,4,80,0,7,5,3,5,2,0,3
1472,16598,19764,4,Y,No,12,3,2,80,0,35,2,2,9,8,8,8
1473,6651,21534,2,Y,No,14,3,2,80,1,20,0,2,3,2,1,2
1474,2345,8045,2,Y,No,14,3,3,80,1,8,3,4,3,1,1,2
1475,3420,21158,1,Y,No,13,3,3,80,0,6,3,2,5,2,1,3
1477,4373,17456,0,Y,No,14,3,1,80,2,5,2,3,4,3,0,3
1478,4759,15891,3,Y,No,18,3,4,80,0,15,2,3,13,9,3,12
1479,5301,2939,8,Y,No,15,3,3,80,2,4,2,2,2,1,2,2
1480,3673,16458,1,Y,No,13,3,3,80,0,12,3,3,12,9,5,8
1481,4768,9282,7,Y,No,12,3,3,80,1,11,4,2,1,0,0,0
1482,1274,7152,1,Y,No,13,3,2,80,2,1,2,2,1,0,0,0
1483,4900,2721,0,Y,No,24,4,1,80,1,13,2,2,12,9,2,8
1484,10466,20948,3,Y,No,14,3,2,80,2,29,3,3,8,7,0,7
1485,17007,11929,7,Y,No,14,3,4,80,2,16,3,2,14,8,6,9
1486,2909,15747,3,Y,No,15,3,4,80,1,5,3,4,3,2,1,2
1487,5765,17485,5,Y,No,11,3,1,80,0,7,4,1,5,3,0,0
1489,4599,7815,0,Y,Yes,23,4,3,80,0,16,2,4,15,9,10,10
1492,2404,16192,1,Y,No,13,3,1,80,1,1,3,3,1,0,0,0
1494,3172,16998,2,Y,Yes,11,3,3,80,0,4,2,2,0,0,0,0
1495,2033,7103,1,Y,No,13,3,3,80,1,1,2,3,1,0,0,0
1496,10209,19719,5,Y,Yes,18,3,2,80,0,16,2,2,2,2,2,2
1497,8620,23757,1,Y,No,14,3,3,80,2,10,3,3,10,7,0,4
1499,2064,15428,0,Y,No,21,4,1,80,1,6,3,4,5,3,1,3
1501,4035,16143,0,Y,Yes,16,3,2,80,0,4,2,3,3,2,1,2
1502,3838,8192,8,Y,No,11,3,4,80,0,8,5,3,5,4,0,2
1503,4591,24200,3,Y,Yes,17,3,3,80,1,11,4,2,5,4,1,2
1504,2561,5355,7,Y,No,11,3,3,80,0,8,2,2,0,0,0,0
1506,1563,12530,1,Y,No,14,3,4,80,1,1,2,1,1,0,0,0
1507,4898,11827,0,Y,No,14,3,4,80,0,5,5,3,4,2,1,3
1509,4789,23070,4,Y,No,25,4,1,80,1,10,3,3,3,2,1,2
1513,3180,4668,0,Y,No,13,3,3,80,3,4,3,3,3,2,0,2
1514,6549,3173,1,Y,No,14,3,2,80,2,8,2,2,8,6,1,7
1515,6388,22049,2,Y,Yes,17,3,1,80,0,14,6,3,0,0,0,0
1516,11244,21072,2,Y,No,25,4,2,80,0,10,5,4,5,2,0,0
1520,16032,24456,3,Y,No,20,4,1,80,1,26,2,3,14,9,1,12
1522,2362,7568,6,Y,No,13,3,3,80,0,11,2,1,9,7,0,7
1523,16328,22074,3,Y,No,13,3,3,80,1,24,1,4,20,6,14,17
1525,8376,9150,4,Y,No,18,3,4,80,0,9,3,3,2,0,2,2
1527,16606,11380,8,Y,No,12,3,4,80,1,23,2,4,13,12,5,1
1529,8606,21195,1,Y,No,19,3,4,80,0,11,3,1,11,8,3,3
1533,2272,24812,0,Y,No,14,3,2,80,0,5,2,3,4,3,1,2
1534,2018,21831,3,Y,No,14,3,2,80,0,15,3,1,5,4,1,0
1535,7083,12288,1,Y,Yes,14,3,4,80,0,10,3,3,10,9,8,6
1537,4084,4156,1,Y,No,12,3,1,80,0,7,2,1,7,2,7,7
1539,14411,24450,1,Y,Yes,13,3,4,80,0,32,2,3,32,6,13,9
1541,2308,4944,0,Y,Yes,25,4,2,80,1,12,4,3,11,10,5,7
1542,4841,24052,4,Y,No,14,3,2,80,1,4,3,3,1,0,0,0
1543,4285,3031,1,Y,No,17,3,1,80,0,10,2,3,10,8,3,7
1544,9715,7288,3,Y,No,13,3,3,80,1,9,3,3,7,7,0,7
1545,4320,24152,1,Y,No,13,3,4,80,0,5,2,3,5,3,0,2
1546,2132,4585,4,Y,No,20,4,4,80,1,8,3,3,5,4,0,3
1547,10124,18611,2,Y,Yes,14,3,3,80,1,24,3,1,20,8,13,9
1548,5473,19345,0,Y,No,12,3,4,80,0,9,5,4,8,4,7,1
1549,5207,22949,1,Y,Yes,12,3,2,80,1,15,3,3,15,14,5,7
1550,16437,17381,1,Y,Yes,21,4,4,80,0,21,2,3,21,7,7,7
1551,2296,10036,0,Y,No,14,3,2,80,3,2,3,3,1,1,0,0
1552,4069,8841,3,Y,Yes,18,3,3,80,0,8,2,3,2,2,2,2
1553,7441,20933,1,Y,No,12,3,1,80,3,10,4,3,10,8,7,7
1554,2430,26204,0,Y,No,23,4,1,80,2,6,5,3,5,3,4,2
1555,5878,15624,3,Y,No,12,3,1,80,1,12,2,3,7,1,2,5
1556,2644,17001,3,Y,Yes,21,4,4,80,0,7,3,2,3,2,1,2
1557,6439,13693,8,Y,No,14,3,3,80,1,18,2,3,8,7,7,7
1558,2451,22376,6,Y,No,18,3,1,80,2,5,2,2,1,0,0,0
1560,6392,10589,2,Y,No,13,3,4,80,1,8,6,1,2,2,2,2
1562,9714,5323,1,Y,No,11,3,4,80,1,10,4,3,10,8,6,7
1563,6077,14814,3,Y,No,11,3,3,80,0,10,2,3,6,3,1,2
1564,2450,21731,1,Y,No,19,3,2,80,0,3,3,3,3,0,1,2
1568,9250,17799,3,Y,No,12,3,2,80,1,9,3,3,4,2,1,3
1569,2074,26619,1,Y,Yes,12,3,4,80,1,1,2,3,1,0,0,0
1572,10169,14618,0,Y,No,16,3,2,80,1,34,4,3,33,7,1,9
1573,4855,7653,4,Y,No,11,3,1,80,2,7,2,3,5,2,1,4
1574,4087,25174,4,Y,No,14,3,2,80,1,9,3,2,6,5,1,2
1576,2367,16530,8,Y,No,12,3,4,80,1,10,3,2,8,2,7,6
1577,2972,22061,1,Y,No,13,3,3,80,0,1,4,1,1,0,0,0
1578,19586,23037,1,Y,No,21,4,3,80,1,36,3,3,36,6,2,13
1580,5484,13008,9,Y,No,17,3,2,80,1,9,3,2,2,2,2,1
1581,2061,11133,1,Y,No,21,4,1,80,0,1,5,3,1,0,0,0
1582,9924,12355,0,Y,No,11,3,4,80,1,10,3,3,9,8,7,7
1583,4198,16379,2,Y,No,12,3,2,80,0,8,5,4,3,2,1,2
1585,6815,21447,6,Y,No,13,3,1,80,0,15,5,3,1,0,0,0
1586,4723,16213,1,Y,Yes,18,3,4,80,0,10,3,3,10,9,1,5
1587,6142,4223,3,Y,Yes,16,3,3,80,0,10,4,3,5,2,0,4
1588,8237,4658,2,Y,No,11,3,1,80,1,11,3,3,7,6,7,6
1590,8853,24483,1,Y,No,19,3,4,80,1,6,0,4,6,4,1,3
1591,19331,19519,4,Y,Yes,16,3,3,80,1,27,2,3,1,0,0,0
1592,2073,12826,2,Y,No,16,3,4,80,1,4,2,3,2,2,2,2
1594,5562,19711,3,Y,Yes,13,3,4,80,1,9,3,3,3,2,0,2
1595,19613,26362,8,Y,No,22,4,4,80,0,24,2,3,1,0,0,1
1596,3407,25348,1,Y,No,17,3,4,80,2,10,3,2,10,9,6,8
1597,5063,15332,1,Y,No,14,3,2,80,1,8,3,2,8,2,7,7
1598,4639,11262,1,Y,No,15,3,3,80,1,5,2,3,5,4,1,2
1599,4876,5855,5,Y,No,12,3,3,80,1,8,0,3,6,4,0,2
1601,2690,7713,1,Y,No,18,3,4,80,1,1,5,2,1,0,0,1
1602,17567,3156,1,Y,No,15,3,2,80,0,27,5,1,26,0,0,12
1604,2408,7324,1,Y,Yes,17,3,3,80,3,1,3,3,1,1,0,0
1605,2814,10293,1,Y,Yes,14,3,2,80,0,4,2,2,4,2,1,3
1606,11245,20689,2,Y,Yes,15,3,3,80,1,32,3,3,30,8,12,13
1607,3312,18783,3,Y,No,17,3,4,80,2,6,3,3,3,2,0,2
1608,19049,3549,0,Y,Yes,14,3,4,80,1,23,4,2,22,7,1,10
1609,2141,5348,1,Y,No,12,3,2,80,1,6,3,2,6,4,1,1
1611,5769,23447,1,Y,Yes,14,3,1,80,0,10,3,3,10,7,1,4
1612,4385,24162,1,Y,No,15,3,1,80,1,10,2,3,10,7,4,5
1613,5332,21602,7,Y,No,13,3,4,80,0,10,3,3,5,2,0,3
1614,4663,12421,9,Y,Yes,12,3,2,80,2,7,2,3,3,2,1,1
1615,4724,17000,1,Y,No,13,3,1,80,1,9,3,3,9,7,7,2
1617,3211,22102,1,Y,No,14,3,4,80,1,10,3,2,9,6,1,4
1618,5377,3835,2,Y,No,13,3,4,80,3,10,3,3,7,7,7,7
1619,4066,16290,1,Y,No,11,3,1,80,2,7,3,3,7,7,0,7
1621,5208,26312,1,Y,No,11,3,4,80,0,16,2,3,16,15,1,10
1622,4877,20460,0,Y,No,21,4,2,80,1,6,5,2,5,3,0,0
1623,3117,26009,1,Y,No,18,3,3,80,0,3,2,3,2,2,2,2
1624,1569,18420,1,Y,Yes,12,3,3,80,0,0,2,4,0,0,0,0
1625,19658,5220,3,Y,No,11,3,3,80,1,27,2,3,5,2,1,0
1627,3069,10302,0,Y,No,15,3,4,80,1,11,3,3,10,8,0,7
1628,10435,25800,1,Y,No,13,3,4,80,2,18,2,3,18,15,14,12
1630,4148,12250,1,Y,No,12,3,4,80,1,15,5,3,14,11,2,9
1631,5768,26493,3,Y,No,17,3,1,80,3,9,2,2,4,3,0,2
1633,5042,3140,0,Y,No,13,3,4,80,0,10,2,1,9,2,3,8
1635,5770,5388,1,Y,No,19,3,1,80,2,10,3,3,10,7,3,9
1638,7756,14199,3,Y,Yes,19,3,4,80,1,10,6,4,5,4,0,2
1639,10306,21530,9,Y,No,17,3,3,80,0,15,3,3,13,12,6,0
1640,3936,9953,1,Y,No,11,3,1,80,1,8,2,1,8,4,7,7
1641,7945,19948,6,Y,Yes,15,3,4,80,0,18,2,2,4,2,3,3
1642,5743,10503,4,Y,Yes,11,3,3,80,0,14,3,3,10,7,0,2
1644,15202,5602,2,Y,No,25,4,2,80,1,23,3,3,2,2,2,2
1645,5440,22098,6,Y,Yes,14,3,4,80,2,7,2,2,2,2,2,2
1646,3760,17218,1,Y,Yes,13,3,3,80,0,6,2,3,6,3,1,3
1647,3517,22490,7,Y,No,17,3,1,80,0,5,0,3,3,2,0,2
1648,2580,6297,2,Y,No,13,3,3,80,0,6,0,2,4,2,1,2
1649,2166,3339,3,Y,Yes,14,3,2,80,0,10,3,1,4,2,0,3
1650,5869,23413,9,Y,No,11,3,3,80,0,8,2,3,5,2,1,4
1651,8008,22792,4,Y,No,12,3,3,80,2,9,6,3,3,2,0,2
1653,5206,4973,1,Y,No,17,3,3,80,2,7,6,3,7,7,0,7
1654,5295,7693,4,Y,No,21,4,3,80,0,7,3,3,5,4,1,0
1655,16413,3498,3,Y,No,16,3,2,80,2,27,2,3,4,2,1,2
1656,13269,21981,5,Y,No,15,3,3,80,3,19,3,3,14,11,1,11
1657,2783,13251,1,Y,No,19,3,1,80,0,2,3,3,2,2,2,2
1658,5433,19332,1,Y,No,12,3,3,80,1,11,2,3,11,8,7,9
1659,2013,10950,2,Y,No,11,3,3,80,0,15,4,3,4,3,1,3
1661,13966,11652,2,Y,Yes,19,3,2,80,1,30,3,3,15,11,2,12
1662,4374,15411,0,Y,No,15,3,3,80,0,4,6,3,3,2,1,2
1664,6842,26308,6,Y,No,20,4,1,80,1,13,3,3,5,4,0,4
1665,17426,18685,3,Y,No,25,4,3,80,1,36,6,3,10,8,4,7
1666,17603,3525,1,Y,No,24,4,1,80,1,14,3,3,14,10,6,11
1667,4581,10414,3,Y,Yes,24,4,1,80,0,13,2,4,11,9,6,7
1668,4735,9867,7,Y,No,15,3,4,80,2,19,4,4,13,11,2,9
1669,4187,3356,1,Y,Yes,13,3,2,80,1,10,3,2,10,0,0,9
1670,5505,3921,1,Y,No,14,3,3,80,2,6,5,3,6,2,0,4
1671,5470,25518,0,Y,No,13,3,3,80,2,10,4,2,9,5,1,6
1673,5476,22589,1,Y,No,11,3,1,80,2,10,2,3,10,0,0,2
1674,2587,24941,4,Y,Yes,16,3,2,80,1,17,2,2,2,2,2,2
1675,2440,23826,1,Y,No,22,4,2,80,0,4,3,3,4,3,3,3
1676,15972,21086,6,Y,No,14,3,3,80,3,29,2,3,3,2,1,2
1677,15379,22384,4,Y,No,14,3,1,80,0,23,2,3,8,7,0,0
1678,7082,11591,3,Y,Yes,16,3,4,80,0,21,2,3,2,0,0,2
1680,2728,21082,1,Y,No,11,3,1,80,0,2,3,3,2,2,0,2
1681,5368,16130,1,Y,Yes,25,4,3,80,1,7,2,3,6,5,1,2
1682,5347,7419,6,Y,No,14,3,2,80,2,10,2,2,3,2,0,2
1683,3195,4167,4,Y,Yes,18,3,1,80,3,8,2,3,2,2,2,2
1684,3989,20586,1,Y,Yes,11,3,1,80,0,5,2,3,5,4,1,2
1687,3306,26176,7,Y,No,19,3,4,80,1,7,5,2,0,0,0,0
1689,7005,3458,3,Y,No,15,3,3,80,0,11,2,3,4,3,1,2
1691,2655,11740,2,Y,Yes,11,3,3,80,2,19,3,3,9,7,7,7
1692,1393,24852,1,Y,No,12,3,1,80,0,1,2,3,1,0,0,0
1693,2570,11925,1,Y,No,20,4,3,80,0,7,5,3,7,7,5,7
1694,3537,23737,5,Y,No,12,3,4,80,1,8,1,3,4,2,1,2
1696,3986,11912,1,Y,No,14,3,3,80,1,15,3,4,15,10,4,13
1697,10883,20467,3,Y,No,20,4,3,80,1,19,2,4,1,0,0,0
1698,2028,13637,1,Y,No,18,3,4,80,3,14,6,3,14,11,2,13
1700,9525,7677,1,Y,No,14,3,3,80,2,6,2,2,6,3,1,3
1701,2929,20338,1,Y,No,12,3,2,80,0,10,3,3,10,9,8,7
1702,2275,25103,1,Y,Yes,21,4,2,80,1,3,2,3,3,2,0,2
1703,7879,14810,1,Y,Yes,19,3,2,80,1,9,2,3,8,7,6,7
1704,4930,13970,0,Y,Yes,14,3,3,80,0,6,2,4,5,4,1,4
1706,7847,6069,1,Y,Yes,17,3,1,80,1,10,3,3,10,9,8,8
1707,4401,17616,1,Y,No,16,3,4,80,1,5,1,3,5,3,0,4
1708,9241,15869,1,Y,No,12,3,2,80,0,10,3,3,10,8,8,7
1709,2974,25412,9,Y,No,17,3,3,80,1,9,2,3,5,3,1,2
1710,4502,7439,3,Y,No,15,3,3,80,0,17,2,2,13,7,6,7
1712,10748,3395,3,Y,No,23,4,4,80,1,25,3,2,23,15,14,4
1714,1555,11585,1,Y,No,11,3,3,80,1,1,2,3,1,0,0,0
1716,12936,24164,7,Y,No,11,3,3,80,0,25,3,1,23,5,14,10
1718,2305,6217,1,Y,No,15,3,3,80,3,3,3,4,3,2,0,2
1719,16704,17119,1,Y,No,11,3,3,80,0,21,2,3,21,6,8,6
1720,3433,17360,6,Y,No,13,3,1,80,1,10,3,2,5,2,1,3
1721,3477,18103,1,Y,No,14,3,4,80,1,6,2,4,5,2,0,3
1722,6430,20794,6,Y,No,19,3,2,80,1,10,4,3,3,2,1,2
1724,6516,5041,2,Y,Yes,16,3,2,80,1,18,3,3,1,0,0,0
1725,3907,3622,1,Y,No,13,3,2,80,3,6,2,4,6,2,1,2
1727,5562,9697,6,Y,No,14,3,4,80,0,19,3,3,10,7,0,9
1728,6883,5151,2,Y,No,16,3,2,80,1,17,3,3,7,7,0,7
1729,2862,3811,1,Y,No,12,3,2,80,1,10,2,2,10,0,0,8
1731,4978,3536,7,Y,No,11,3,4,80,1,4,3,1,1,0,0,0
1732,10368,5596,4,Y,Yes,12,3,2,80,1,13,5,2,10,6,0,3
1733,6134,8658,5,Y,Yes,13,3,2,80,3,16,3,3,2,2,2,2
1734,6735,12147,6,Y,No,15,3,2,80,0,10,2,3,0,0,0,0
1735,3295,12862,1,Y,No,13,3,3,80,0,3,3,1,3,2,1,2
1736,5238,6670,2,Y,No,20,4,4,80,0,9,3,2,5,4,1,4
1737,6472,8989,1,Y,Yes,15,3,4,80,1,9,2,3,9,8,5,8
1739,9610,3840,3,Y,No,13,3,3,80,1,10,2,1,4,3,0,2
1740,19833,4349,1,Y,No,14,3,2,80,0,21,3,2,21,8,12,8
1744,9756,6595,4,Y,No,21,4,3,80,2,9,2,4,5,0,0,3
1745,4968,26427,0,Y,No,16,3,4,80,0,10,2,3,9,7,0,7
1746,2145,2097,0,Y,No,14,3,4,80,1,3,2,3,2,2,2,1
1747,2180,9732,6,Y,No,11,3,3,80,1,6,0,2,4,2,1,2
1749,8346,20943,1,Y,No,19,3,3,80,1,6,3,3,5,2,0,2
1751,3445,6152,1,Y,No,11,3,3,80,0,6,5,2,6,2,1,4
1752,2760,14630,1,Y,No,13,3,3,80,0,2,3,3,2,2,2,2
1753,6294,23060,8,Y,Yes,12,3,4,80,0,10,5,4,3,2,0,2
1754,7140,3088,2,Y,No,11,3,1,80,1,12,2,3,7,7,1,7
1755,2932,5586,0,Y,Yes,14,3,1,80,3,6,3,3,5,0,1,2
1756,5147,10697,8,Y,No,15,3,4,80,0,13,2,2,11,7,1,7
1757,4507,8191,3,Y,No,12,3,3,80,0,8,1,4,5,1,0,4
1758,8564,10092,2,Y,Yes,20,4,3,80,0,11,2,2,0,0,0,0
1760,2468,15963,4,Y,No,14,3,2,80,1,9,4,2,6,1,0,5
1761,8161,19002,2,Y,No,13,3,1,80,3,10,2,3,1,0,0,0
1762,2109,10007,1,Y,No,13,3,3,80,1,1,2,3,1,0,0,0
1763,5294,9128,3,Y,No,16,3,3,80,1,10,3,3,7,0,1,7
1764,2718,17674,2,Y,No,14,3,2,80,0,12,3,3,7,7,0,7
1766,5811,24539,3,Y,Yes,16,3,3,80,1,15,2,3,1,0,1,0
1767,2437,15587,9,Y,Yes,16,3,4,80,1,6,4,3,1,0,0,0
1768,2766,8952,8,Y,No,22,4,2,80,3,7,6,2,5,3,0,4
1770,19038,19805,8,Y,No,12,3,2,80,3,34,2,3,1,0,0,0
1771,3055,6194,5,Y,No,15,3,4,80,2,11,2,2,9,8,1,7
1772,2289,20520,1,Y,No,20,4,2,80,2,5,2,3,5,3,0,4
1774,4001,12313,1,Y,Yes,14,3,3,80,1,15,3,3,15,14,0,7
1775,12965,22308,4,Y,Yes,20,4,4,80,3,27,2,2,3,2,0,2
1778,3539,5033,0,Y,No,13,3,2,80,0,10,5,3,9,7,1,8
1779,6029,25353,5,Y,No,12,3,1,80,0,6,3,3,2,2,2,2
1780,2679,4567,1,Y,No,13,3,2,80,0,1,3,3,1,0,1,0
1782,3702,16376,1,Y,No,11,3,2,80,1,5,3,3,5,4,0,4
1783,2398,15999,1,Y,Yes,17,3,3,80,0,1,6,3,1,0,0,0
1784,5468,13402,1,Y,No,14,3,1,80,2,13,3,3,12,7,5,7
1786,13116,22984,2,Y,No,11,3,4,80,0,15,2,3,2,2,2,2
1787,4189,8800,1,Y,No,14,3,1,80,2,5,2,3,5,2,0,3
1789,19328,14218,7,Y,Yes,17,3,3,80,1,24,3,3,2,1,2,2
1790,8321,25949,7,Y,Yes,13,3,4,80,1,15,1,3,12,8,5,7
1792,2342,11092,1,Y,Yes,12,3,3,80,3,6,2,2,5,3,2,3
1794,4071,12832,2,Y,No,13,3,3,80,0,19,4,2,10,0,4,7
1797,5813,13492,1,Y,Yes,18,3,4,80,0,10,2,3,10,7,7,7
1798,3143,6076,6,Y,No,19,3,2,80,1,14,1,3,10,8,7,6
1799,2044,5531,1,Y,No,11,3,3,80,1,5,6,4,5,3,0,3
1800,13464,7914,7,Y,No,21,4,3,80,0,9,3,3,4,3,2,2
1801,7991,25166,8,Y,No,15,3,3,80,0,6,3,3,2,2,2,2
1802,3377,25605,4,Y,No,17,3,4,80,1,7,5,2,4,3,0,2
1803,5538,5696,5,Y,No,18,3,3,80,2,10,2,2,0,0,0,0
1804,5762,24442,2,Y,No,14,3,3,80,1,15,6,3,7,7,1,7
1805,2592,7129,5,Y,No,13,3,4,80,3,13,3,3,11,10,3,8
1807,5346,6208,4,Y,No,17,3,3,80,1,11,3,2,7,1,0,7
1809,4213,4992,1,Y,No,15,3,2,80,0,10,4,1,10,3,0,8
1812,4127,19188,2,Y,No,18,3,4,80,1,7,6,3,2,1,2,2
1813,2438,24978,4,Y,No,13,3,3,80,0,7,2,2,3,2,1,2
1814,6870,15530,3,Y,No,12,3,1,80,0,11,3,1,3,2,1,2
1815,10447,26458,0,Y,Yes,13,3,4,80,1,23,3,4,22,14,13,5
1816,9667,2739,9,Y,No,14,3,2,80,0,9,3,3,7,7,0,2
1818,2148,6889,0,Y,Yes,11,3,3,80,0,6,3,3,5,1,1,4
1821,8926,10842,4,Y,No,22,4,4,80,1,13,2,4,9,7,3,7
1822,6513,9060,4,Y,No,17,3,4,80,1,12,3,3,5,3,0,3
1823,6799,22128,1,Y,No,21,4,3,80,2,10,5,3,10,8,4,8
1824,16291,22577,4,Y,No,22,4,4,80,1,37,0,2,16,9,14,14
1826,2705,9696,0,Y,No,16,3,2,80,1,6,2,4,5,4,0,3
1827,10333,19271,8,Y,Yes,12,3,3,80,1,28,4,3,22,11,14,10
1829,4448,10748,2,Y,No,12,3,2,80,1,15,3,3,7,4,7,7
1830,6854,15696,4,Y,No,15,3,2,80,1,14,2,2,7,1,1,7
1833,9637,8277,2,Y,No,14,3,4,80,2,9,3,3,3,2,2,2
1834,3591,12719,1,Y,No,25,4,3,80,1,3,3,3,3,2,1,2
1835,5405,4244,2,Y,Yes,20,4,1,80,2,20,4,2,4,2,0,3
1836,4684,9125,1,Y,No,13,3,1,80,0,5,4,3,5,3,1,2
1837,15787,21624,2,Y,Yes,14,3,2,80,0,23,3,3,2,2,2,2
1839,1514,8018,1,Y,No,16,3,3,80,0,0,4,1,0,0,0,0
1842,2956,21495,0,Y,No,17,3,3,80,0,2,4,3,1,0,0,0
1844,2335,3157,4,Y,Yes,15,3,4,80,3,4,3,3,2,2,2,0
1845,5154,19665,4,Y,No,22,4,2,80,2,10,3,4,8,7,5,7
1847,6962,19573,4,Y,Yes,22,4,4,80,1,15,2,3,1,0,0,0
1849,5675,19246,1,Y,No,20,4,3,80,1,7,5,3,7,7,7,7
1850,2379,19826,0,Y,Yes,14,3,3,80,0,6,3,2,5,4,0,2
1852,3812,7003,1,Y,No,13,3,2,80,0,11,3,4,11,8,3,10
1853,4648,26075,8,Y,No,13,3,3,80,0,4,2,4,0,0,0,0
1854,2936,6161,3,Y,No,22,4,2,80,2,10,1,2,6,3,3,3
1856,2105,5411,4,Y,No,12,3,3,80,0,7,2,3,2,2,2,0
1857,8578,19989,3,Y,No,14,3,3,80,1,12,4,2,9,8,4,7
1858,2706,10494,1,Y,No,15,3,2,80,1,3,2,3,3,2,2,2
1859,6384,21143,8,Y,No,17,3,4,80,2,11,3,3,7,0,1,6
1860,3968,13624,4,Y,No,13,3,4,80,0,8,3,3,0,0,0,0
1862,9907,26186,7,Y,Yes,12,3,3,80,0,7,3,2,2,2,2,2
1863,13225,7739,2,Y,No,12,3,4,80,1,25,5,3,19,17,2,8
1864,3540,7018,1,Y,No,21,4,4,80,1,9,5,3,9,8,5,8
1865,2804,15434,1,Y,No,11,3,4,80,0,1,3,3,1,0,0,0
1866,19392,22539,7,Y,No,13,3,4,80,0,21,2,3,16,12,6,14
1867,19665,13583,4,Y,No,12,3,4,80,0,29,3,3,22,10,12,9
1868,2439,14753,1,Y,Yes,24,4,2,80,0,1,3,2,1,0,1,0
1869,7314,14011,5,Y,No,21,4,3,80,3,14,2,3,8,7,0,7
1870,4774,23844,0,Y,No,19,3,4,80,1,8,2,2,7,6,7,3
1871,3902,5141,8,Y,No,14,3,2,80,3,7,2,3,2,2,2,2
1873,2662,7975,8,Y,No,20,4,2,80,1,19,2,4,5,2,0,4
1875,2856,3692,1,Y,No,19,3,4,80,1,1,3,3,1,0,0,0
1876,1081,16019,1,Y,No,13,3,3,80,0,1,3,2,1,0,0,0
1878,2472,26092,1,Y,Yes,23,4,1,80,0,1,2,3,1,0,0,0
1880,5673,6060,1,Y,Yes,13,3,1,80,1,10,4,3,10,9,1,7
1881,4197,18624,1,Y,No,11,3,1,80,1,10,2,3,10,8,0,2
1882,9713,24444,2,Y,Yes,13,3,4,80,3,9,3,3,5,3,1,0
1883,2062,19384,3,Y,No,14,3,2,80,0,11,2,3,3,2,1,2
1885,4284,13588,5,Y,Yes,22,4,3,80,1,16,2,3,5,3,0,4
1886,4788,25388,0,Y,Yes,11,3,4,80,0,4,2,3,3,2,0,2
1888,5906,23888,0,Y,No,13,3,4,80,2,10,2,2,9,8,3,8
1890,3886,4223,1,Y,No,21,4,4,80,0,10,2,2,10,1,0,8
1892,16823,18991,2,Y,No,11,3,1,80,1,22,3,3,19,7,11,16
1893,2933,14908,1,Y,Yes,13,3,3,80,1,1,3,2,1,0,1,0
1898,6500,26997,0,Y,No,14,3,2,80,0,9,5,2,8,7,0,7
1900,17174,2437,3,Y,No,11,3,2,80,1,24,3,3,22,17,4,7
1903,5033,9364,2,Y,No,15,3,4,80,1,10,5,3,2,0,2,2
1905,2307,14460,1,Y,Yes,23,4,2,80,1,5,2,3,5,2,3,0
1907,2587,10261,1,Y,No,16,3,4,80,0,5,3,3,4,2,1,0
1908,5507,16822,2,Y,No,16,3,3,80,2,12,1,1,4,2,1,3
1909,4393,26841,5,Y,No,21,4,3,80,1,14,3,3,5,4,1,4
1911,13348,14842,9,Y,No,13,3,2,80,1,18,3,4,13,7,5,7
1912,6583,20115,2,Y,Yes,11,3,4,80,1,8,2,3,5,2,1,4
1915,8103,16495,3,Y,Yes,12,3,3,80,0,9,3,2,4,2,0,1
1916,3978,16031,8,Y,No,12,3,2,80,1,4,0,2,2,2,2,2
1918,2544,7102,0,Y,No,18,3,1,80,1,8,3,3,7,7,7,7
1922,5399,14511,4,Y,No,12,3,3,80,0,12,3,3,4,2,0,3
1924,5487,10410,1,Y,No,14,3,2,80,0,10,2,2,10,4,0,9
1927,6834,19255,1,Y,Yes,12,3,3,80,1,7,2,3,7,7,0,7
1928,1091,10642,1,Y,No,17,3,4,80,0,1,3,3,1,0,0,0
1929,5736,3987,6,Y,No,19,3,3,80,1,10,1,3,3,2,1,2
1931,2226,6073,1,Y,No,11,3,3,80,1,6,3,2,5,3,1,2
1932,5747,26496,1,Y,Yes,15,3,2,80,0,16,3,3,15,10,6,11
1933,9854,23352,3,Y,Yes,11,3,4,80,0,6,0,3,2,0,2,2
1934,5467,2125,8,Y,No,18,3,3,80,1,16,4,4,8,7,1,7
1935,5380,20328,4,Y,No,16,3,3,80,1,6,3,3,0,0,0,0
1936,5151,12315,1,Y,No,25,4,4,80,1,10,3,3,10,0,7,9
1937,2133,18115,1,Y,Yes,16,3,3,80,1,20,3,3,20,11,0,7
1938,17875,11761,4,Y,Yes,13,3,3,80,1,29,2,2,1,0,0,0
1939,2432,15318,3,Y,Yes,14,3,1,80,0,8,2,3,4,1,0,3
1940,4771,14293,2,Y,No,19,3,4,80,2,10,0,4,5,2,0,3
1941,19161,13738,3,Y,No,15,3,4,80,0,28,3,3,5,4,4,3
1943,5087,2900,3,Y,Yes,12,3,3,80,2,14,4,3,0,0,0,0
1944,2863,19555,1,Y,No,12,3,1,80,0,1,2,3,1,0,0,0
1945,5561,15975,0,Y,No,16,3,4,80,1,6,2,1,5,3,0,4
1947,2144,2122,1,Y,No,14,3,3,80,0,5,3,2,5,3,1,4
1948,3065,3995,1,Y,Yes,13,3,4,80,1,4,3,4,4,2,2,3
1949,2810,9238,1,Y,No,22,4,2,80,0,5,3,3,5,4,0,2
1950,9888,6770,1,Y,No,21,4,1,80,0,14,3,2,14,8,2,1
1951,8628,22914,1,Y,No,18,3,3,80,1,9,2,2,8,7,1,1
1952,2867,20006,0,Y,No,13,3,4,80,0,8,6,2,7,7,7,6
1954,5373,6225,0,Y,No,12,3,1,80,1,6,5,2,5,3,0,2
1955,6667,16542,5,Y,No,18,3,2,80,1,9,6,3,5,1,1,2
1956,5003,5771,1,Y,No,21,4,2,80,0,10,6,3,10,8,8,7
1960,2367,18779,5,Y,No,12,3,1,80,1,6,2,2,4,1,0,3
1961,2858,11473,4,Y,No,14,3,1,80,0,20,3,2,1,0,0,0
1962,5204,13586,1,Y,Yes,11,3,4,80,0,10,2,3,10,8,0,9
1965,4105,5099,1,Y,No,14,3,1,80,0,7,5,3,7,7,0,7
1966,9679,10138,8,Y,No,24,4,2,80,0,8,1,3,1,0,0,0
1967,5617,21075,1,Y,Yes,11,3,3,80,0,10,4,3,10,7,0,8
1968,10448,5843,6,Y,Yes,13,3,2,80,0,15,2,2,2,2,2,2
1969,2897,22474,3,Y,No,11,3,3,80,2,9,6,2,4,3,2,3
1970,5968,18079,1,Y,No,20,4,3,80,3,9,2,3,9,7,2,8
1971,7510,16873,1,Y,No,17,3,2,80,1,10,1,3,10,9,0,9
1972,2991,5224,0,Y,Yes,11,3,2,80,1,7,2,3,6,2,1,2
1973,19636,25811,4,Y,Yes,18,3,1,80,1,35,0,3,10,9,1,4
1974,1129,17536,1,Y,Yes,11,3,3,80,3,1,4,3,1,0,0,0
1975,13341,25098,0,Y,No,12,3,1,80,0,21,3,3,20,8,11,10
1976,4332,14811,1,Y,No,12,3,4,80,0,20,2,3,20,9,3,7
1979,11031,26862,4,Y,No,20,4,3,80,1,13,2,4,11,7,4,8
1980,4440,25198,6,Y,Yes,19,3,4,80,0,9,3,3,5,2,1,4
1981,4617,14120,1,Y,No,12,3,2,80,0,4,2,2,4,3,1,2
1982,2647,13672,1,Y,No,13,3,3,80,0,5,6,4,5,2,1,4
1985,6323,26849,1,Y,No,11,3,1,80,1,10,2,4,10,9,9,4
1986,5677,4258,3,Y,No,14,3,3,80,1,15,4,3,11,8,5,10
1987,2187,19655,4,Y,No,14,3,3,80,0,6,3,3,2,0,1,2
1989,3748,4077,1,Y,No,13,3,3,80,0,12,6,2,12,8,1,7
1992,3977,7298,6,Y,Yes,19,3,3,80,1,7,2,2,2,2,0,2
1993,8633,13084,2,Y,No,23,4,2,80,0,25,3,3,17,14,12,11
1994,2008,20439,1,Y,No,12,3,3,80,3,1,2,2,1,1,0,0
1995,4440,7636,0,Y,No,15,3,1,80,2,16,3,3,15,13,5,8
1996,3067,6393,0,Y,No,19,3,3,80,1,3,1,3,2,2,1,2
1997,5321,14284,2,Y,No,11,3,4,80,1,10,1,3,8,3,7,7
1998,5410,11189,6,Y,Yes,17,3,3,80,1,9,3,2,4,3,1,2
1999,2782,21412,3,Y,No,22,4,1,80,1,12,3,3,5,3,1,0
2000,11957,17231,0,Y,No,18,3,1,80,2,14,3,1,13,8,5,12
2003,2660,20232,7,Y,Yes,11,3,3,80,1,5,3,3,2,2,2,2
2007,3375,17624,0,Y,No,12,3,4,80,0,4,2,4,3,2,1,2
2008,5098,18698,1,Y,No,19,3,2,80,0,10,5,3,10,7,0,8
2009,4878,21653,0,Y,Yes,13,3,1,80,1,10,6,3,9,7,8,1
2010,2837,15919,1,Y,No,13,3,3,80,0,6,3,3,6,2,4,1
2012,2406,4060,8,Y,No,19,3,3,80,2,8,3,2,1,0,0,0
2013,2269,18024,0,Y,No,14,3,2,80,1,3,2,3,2,2,2,2
2014,4108,5340,7,Y,No,13,3,1,80,0,18,2,3,7,7,1,7
2015,13206,3376,3,Y,No,12,3,1,80,1,20,3,3,18,16,1,11
2016,10422,24032,1,Y,No,19,3,3,80,2,14,3,3,14,10,5,7
2017,13744,15471,1,Y,Yes,25,4,1,80,1,16,2,3,16,11,6,8
2018,4907,13684,0,Y,Yes,22,4,2,80,1,6,3,2,5,3,0,4
2019,3482,19788,2,Y,No,15,3,2,80,2,16,3,2,9,8,0,0
2020,2436,13422,6,Y,Yes,12,3,3,80,0,6,2,3,4,3,1,2
2021,2380,25479,1,Y,Yes,11,3,4,80,0,2,6,3,2,2,1,2
2022,19431,15302,2,Y,No,13,3,3,80,0,21,3,2,6,0,1,3
2023,1790,26956,1,Y,No,19,3,1,80,1,1,3,2,1,0,1,0
2024,7644,12695,0,Y,No,19,3,3,80,2,10,2,3,9,7,3,4
2025,5131,9192,7,Y,No,13,3,2,80,3,18,3,3,4,2,0,2
2026,6306,26236,1,Y,No,21,4,1,80,1,13,2,2,13,12,1,9
2027,4787,26124,9,Y,Yes,14,3,2,80,3,4,3,4,2,2,2,2
2031,18880,17312,5,Y,No,11,3,1,80,0,24,2,2,22,6,4,14
2032,2339,3666,8,Y,No,11,3,4,80,1,14,4,1,10,9,9,8
2034,13570,5640,0,Y,No,23,4,3,80,1,21,3,3,20,7,0,10
2035,6712,8978,1,Y,No,21,4,4,80,2,8,2,3,8,7,1,7
2036,5406,10436,1,Y,No,24,4,1,80,1,15,4,2,15,12,11,11
2037,8938,12227,2,Y,No,11,3,3,80,1,14,5,3,5,4,0,4
2038,2439,11288,1,Y,No,14,3,4,80,0,4,4,3,4,2,1,2
2040,8837,16642,1,Y,Yes,16,3,3,80,0,9,2,3,9,0,1,7
2041,5343,5982,1,Y,No,11,3,3,80,1,10,1,3,10,7,1,9
2044,6728,14255,7,Y,No,12,3,4,80,2,12,3,3,6,3,0,1
2045,6652,14369,4,Y,No,13,3,1,80,1,8,2,2,6,3,0,0
2046,4850,23333,8,Y,No,15,3,3,80,0,8,3,3,5,3,0,1
2048,2809,2725,2,Y,No,14,3,4,80,0,8,2,3,2,2,2,2
2049,5689,24594,1,Y,Yes,14,3,4,80,2,10,2,4,10,2,0,2
2051,2001,12549,2,Y,No,14,3,2,80,3,20,2,3,5,3,0,2
2052,2977,8952,1,Y,No,12,3,4,80,1,4,5,3,4,3,1,1
2053,4025,23679,4,Y,Yes,13,3,1,80,1,10,2,3,4,3,0,3
2054,3785,8489,1,Y,No,14,3,2,80,0,5,3,1,5,4,0,4
2055,10854,16586,4,Y,Yes,13,3,2,80,1,20,3,3,3,2,2,0
2056,12031,8828,0,Y,No,11,3,1,80,1,21,2,2,20,9,9,6
2057,9936,3787,0,Y,No,19,3,2,80,0,10,2,3,9,4,1,7
2060,2966,21378,0,Y,No,18,3,4,80,0,5,2,3,4,2,0,0
2061,2571,12290,4,Y,No,17,3,3,80,1,17,3,3,5,2,0,3
2062,9991,21457,4,Y,No,15,3,1,80,1,9,5,3,7,7,1,7
2064,6142,5174,1,Y,Yes,20,4,2,80,1,6,0,3,6,2,0,3
2065,5390,13243,2,Y,No,14,3,4,80,0,17,3,2,9,6,0,8
2068,4404,10228,2,Y,No,12,3,1,80,0,6,3,4,4,3,1,2
